-- --------------------------------------------------------
-- Host:                         127.0.0.1
-- Server version:               8.0.17 - MySQL Community Server - GPL
-- Server OS:                    Win64
-- HeidiSQL Version:             10.2.0.5599
-- --------------------------------------------------------

/*!40101 SET @OLD_CHARACTER_SET_CLIENT=@@CHARACTER_SET_CLIENT */;
/*!40101 SET NAMES utf8 */;
/*!50503 SET NAMES utf8mb4 */;
/*!40014 SET @OLD_FOREIGN_KEY_CHECKS=@@FOREIGN_KEY_CHECKS, FOREIGN_KEY_CHECKS=0 */;
/*!40101 SET @OLD_SQL_MODE=@@SQL_MODE, SQL_MODE='NO_AUTO_VALUE_ON_ZERO' */;


-- Dumping database structure for phonecheckr
CREATE DATABASE IF NOT EXISTS `phonecheckr` /*!40100 DEFAULT CHARACTER SET utf8mb4 COLLATE utf8mb4_0900_ai_ci */ /*!80016 DEFAULT ENCRYPTION='N' */;
USE `phonecheckr`;

-- Dumping structure for table phonecheckr.brands
CREATE TABLE IF NOT EXISTS `brands` (
  `id` int(11) NOT NULL AUTO_INCREMENT,
  `name` varchar(50) DEFAULT NULL,
  PRIMARY KEY (`id`)
) ENGINE=InnoDB AUTO_INCREMENT=17 DEFAULT CHARSET=utf8mb4 COLLATE=utf8mb4_0900_ai_ci;

-- Dumping data for table phonecheckr.brands: ~12 rows (approximately)
/*!40000 ALTER TABLE `brands` DISABLE KEYS */;
INSERT INTO `brands` (`id`, `name`) VALUES
	(1, 'Apple'),
	(2, 'ALCATEL'),
	(3, 'Huawei'),
	(4, 'Samsung'),
	(5, 'Google'),
	(6, 'Sony'),
	(7, 'CAT'),
	(8, 'Honor'),
	(9, 'Nokia'),
	(10, 'Doro'),
	(11, 'Moto'),
	(12, 'Oppo'),
	(13, 'MOTOROLA'),
	(14, 'Xiaomi'),
	(15, 'BlackBerry'),
	(16, 'RAZER');
/*!40000 ALTER TABLE `brands` ENABLE KEYS */;

-- Dumping structure for table phonecheckr.colours
CREATE TABLE IF NOT EXISTS `colours` (
  `id` int(11) NOT NULL AUTO_INCREMENT,
  `name` varchar(50) DEFAULT NULL,
  PRIMARY KEY (`id`)
) ENGINE=InnoDB AUTO_INCREMENT=56 DEFAULT CHARSET=utf8mb4 COLLATE=utf8mb4_0900_ai_ci;

-- Dumping data for table phonecheckr.colours: ~51 rows (approximately)
/*!40000 ALTER TABLE `colours` DISABLE KEYS */;
INSERT INTO `colours` (`id`, `name`) VALUES
	(1, 'Black'),
	(2, 'Space Grey'),
	(3, 'Black & Blue'),
	(4, 'Blue & Purple'),
	(5, 'Blue'),
	(6, 'Coral'),
	(7, 'Yellow'),
	(8, 'Red'),
	(9, 'White'),
	(10, 'Purple'),
	(11, 'Green'),
	(12, 'Silver'),
	(13, 'Gold'),
	(14, 'Midnight Green'),
	(15, 'Twilight'),
	(16, 'Aura Black'),
	(17, 'Rose Gold'),
	(18, 'Aura Glow'),
	(19, 'Grey'),
	(20, 'Just Black'),
	(21, 'Clearly White'),
	(22, 'Pink'),
	(23, 'Sapphire Blue'),
	(24, 'Phantom Black'),
	(25, 'Midnight Black'),
	(26, 'Crystal'),
	(27, 'Amber'),
	(28, 'Midnight Blue'),
	(29, 'Phantom Blue'),
	(30, 'Aurora Blue'),
	(31, 'Sky Blue'),
	(32, 'Violet'),
	(33, 'Deep Indigo'),
	(34, 'Indigo'),
	(35, 'Viva Red'),
	(36, 'Ocean Green'),
	(37, 'Glacier Blue'),
	(38, 'Emerald Green'),
	(39, 'Radiant Mist'),
	(40, 'Jet Black'),
	(41, 'Ocean Blue'),
	(42, 'Lavender Purple'),
	(43, 'Prism Black'),
	(44, 'Prism White'),
	(45, 'Prism Green'),
	(46, 'Canary Yellow'),
	(47, 'Ceramic Black'),
	(48, 'Ceramic White'),
	(49, 'Sapphire'),
	(50, 'Prism Silver'),
	(51, 'Titanium'),
	(52, 'Lilac Purple'),
	(53, 'Coral Blue'),
	(54, 'Orchid Grey'),
	(55, 'Navy');
/*!40000 ALTER TABLE `colours` ENABLE KEYS */;

-- Dumping structure for table phonecheckr.models
CREATE TABLE IF NOT EXISTS `models` (
  `id` int(11) NOT NULL AUTO_INCREMENT,
  `name` varchar(50) DEFAULT NULL,
  `colour_id` int(11) DEFAULT NULL,
  `storage_capacity_id` int(11) DEFAULT NULL,
  PRIMARY KEY (`id`),
  KEY `FK_model_colour` (`colour_id`),
  KEY `FK_model_storage_capacity` (`storage_capacity_id`),
  CONSTRAINT `FK_model_colour` FOREIGN KEY (`colour_id`) REFERENCES `colours` (`id`),
  CONSTRAINT `FK_model_storage_capacity` FOREIGN KEY (`storage_capacity_id`) REFERENCES `storage_capacities` (`id`)
) ENGINE=InnoDB AUTO_INCREMENT=270 DEFAULT CHARSET=utf8mb4 COLLATE=utf8mb4_0900_ai_ci;

-- Dumping data for table phonecheckr.models: ~227 rows (approximately)
/*!40000 ALTER TABLE `models` DISABLE KEYS */;
INSERT INTO `models` (`id`, `name`, `colour_id`, `storage_capacity_id`) VALUES
	(1, 'iPhone XR', 1, 1),
	(2, 'iPhone 8', 2, 1),
	(3, '3 (2019)', 3, 2),
	(4, '3 (2019)', 4, 2),
	(5, 'iPhone 11', 1, 1),
	(6, 'iPhone XR', 5, 3),
	(7, 'iPhone XR', 6, 3),
	(8, 'iPhone XR', 7, 3),
	(9, 'iPhone 11 Pro', 2, 1),
	(10, 'iPhone XR', 8, 3),
	(11, 'iPhone 11', 9, 1),
	(12, 'iPhone 11', 7, 1),
	(13, 'iPhone 11', 8, 1),
	(14, 'iPhone 11', 10, 1),
	(15, 'iPhone 11 Pro Max', 2, 1),
	(16, 'iPhone 11', 11, 1),
	(17, 'iPhone 11', 9, 3),
	(18, 'iPhone 11', 1, 3),
	(19, 'iPhone 11', 10, 3),
	(20, 'iPhone 11', 8, 3),
	(21, 'iPhone 11', 7, 3),
	(22, 'iPhone 7', 1, 2),
	(23, 'iPhone 11', 11, 3),
	(24, 'iPhone 11', 1, 4),
	(25, 'iPhone 11', 11, 4),
	(26, 'iPhone 11', 7, 4),
	(27, 'iPhone 11', 8, 4),
	(28, 'iPhone 11', 9, 4),
	(29, 'iPhone 11', 10, 4),
	(30, 'iPhone 8 Plus', 2, 1),
	(31, 'iPhone 11 Pro', 12, 1),
	(32, 'iPhone 11 Pro', 13, 1),
	(33, 'iPhone 11 Pro', 2, 4),
	(34, 'iPhone Xs', 2, 1),
	(35, 'iPhone 11 Pro', 12, 4),
	(36, 'iPhone 11 Pro', 13, 4),
	(37, 'iPhone 11 Pro', 2, 5),
	(38, 'iPhone 11 Pro', 12, 5),
	(39, 'iPhone Xs Max', 2, 1),
	(40, 'iPhone 11 Pro', 13, 5),
	(41, 'iPhone 11 Pro Max', 12, 1),
	(42, 'iPhone 11 Pro Max', 13, 1),
	(43, 'iPhone 11 Pro Max', 2, 4),
	(44, 'iPhone 7 Plus', 1, 2),
	(45, 'iPhone 11 Pro Max', 12, 4),
	(46, 'iPhone 11 Pro Max', 13, 4),
	(47, 'P20 Pro', 1, 3),
	(48, 'iPhone 11 Pro Max', 2, 5),
	(49, 'iPhone 11 Pro Max', 12, 5),
	(50, 'iPhone 11 Pro Max', 13, 5),
	(51, 'iPhone 11 Pro', 14, 1),
	(52, 'Galaxy Note 9', 1, 3),
	(53, 'iPhone 11 Pro', 14, 4),
	(54, 'Galaxy Note 8', 1, 1),
	(55, 'iPhone 11 Pro', 14, 5),
	(56, 'iPhone 11 Pro Max', 14, 4),
	(57, 'iPhone 11 Pro Max', 14, 5),
	(58, 'Galaxy S9', 5, 1),
	(59, 'iPhone XR', 9, 1),
	(60, 'iPhone XR', 1, 3),
	(61, 'Galaxy S10e', 1, 3),
	(62, 'P30', 1, 3),
	(63, 'Mate 20 Pro', 15, 3),
	(64, 'Galaxy A70', 1, 3),
	(65, 'iPhone Xs', 12, 1),
	(66, 'iPhone Xs', 13, 1),
	(67, 'iPhone Xs', 12, 4),
	(68, 'iPhone Xs', 2, 4),
	(69, 'Galaxy S9 Plus', 5, 3),
	(70, 'iPhone Xs', 13, 4),
	(71, 'iPhone Xs', 12, 5),
	(72, 'iPhone Xs', 2, 5),
	(73, 'iPhone Xs', 13, 5),
	(74, 'Galaxy Note 10', 16, 4),
	(75, 'iPhone Xs Max', 12, 1),
	(76, 'iPhone Xs Max', 13, 1),
	(77, 'iPhone Xs Max', 12, 4),
	(78, 'iPhone 6s', 17, 2),
	(79, 'iPhone Xs Max', 2, 4),
	(80, 'iPhone Xs Max', 12, 5),
	(81, 'iPhone XR', 5, 4),
	(82, 'iPhone XR', 6, 4),
	(83, 'Galaxy Note 10 Plus', 18, 4),
	(84, 'iPhone XR', 9, 3),
	(85, 'P30 Lite', 5, 3),
	(86, 'iPhone XR', 8, 1),
	(87, 'iPhone 6s Plus', 17, 2),
	(88, 'iPhone XR', 7, 1),
	(89, 'Pixel 3a', 1, 1),
	(90, 'iPhone XR', 5, 1),
	(91, 'iPhone XR', 6, 1),
	(92, 'iPhone XR', 1, 4),
	(93, 'iPhone XR', 9, 4),
	(94, 'iPhone XR', 8, 4),
	(95, 'iPhone XR', 7, 4),
	(96, 'iPhone Xs Max', 13, 4),
	(97, 'Xperia 1', 1, 3),
	(98, 'iPhone Xs Max', 2, 5),
	(99, 'iPhone Xs Max', 13, 5),
	(100, 'Galaxy A40', 1, 1),
	(101, 'iPhone X Refurbished', 19, 1),
	(102, 'iPhone 6s', 2, 2),
	(103, 'iPhone 6s', 12, 2),
	(104, 'iPhone 6s', 13, 2),
	(105, 'Galaxy A50', 1, 3),
	(106, 'iPhone 8', 2, 4),
	(107, 'Galaxy A80', 1, 3),
	(108, 'iPhone 8', 13, 4),
	(109, 'iPhone 8 Plus', 12, 1),
	(110, 'Galaxy A10', 5, 2),
	(111, 'iPhone 8 Plus', 13, 1),
	(112, 'iPhone 8 Plus', 12, 4),
	(113, 'iPhone 8 Plus', 2, 4),
	(114, 'iPhone 8 Plus', 13, 4),
	(115, 'Mate 20 X', 5, 3),
	(116, 'S61', 1, 1),
	(117, 'Mate 20 Lite', 1, 1),
	(118, 'P smart 2019', 5, 1),
	(119, 'iPhone 6s Refurbished', 17, 2),
	(120, 'iPhone 8 Refurbished', 19, 1),
	(121, 'iPhone X', 2, 1),
	(122, 'iPhone X', 12, 1),
	(123, 'iPhone X', 2, 4),
	(124, 'P20', 1, 3),
	(125, 'iPhone X', 12, 4),
	(126, 'iPhone 8', 12, 1),
	(127, 'iPhone 8', 13, 1),
	(128, 'Galaxy A20e', 1, 2),
	(129, 'iPhone 8', 12, 4),
	(130, 'Pixel 3a', 20, 1),
	(131, 'Pixel 3a', 21, 1),
	(132, 'Pixel 3a', 10, 1),
	(133, 'iPhone 7 Refurbished', 17, 2),
	(134, 'Pixel 3a XL', 20, 1),
	(135, 'Pixel 3a XL', 21, 1),
	(136, 'Pixel 3 XL', 9, 3),
	(137, 'Pixel 3 XL', 1, 3),
	(138, 'Pixel 3 XL', 22, 1),
	(139, 'View 20 6GB RAM', 23, 3),
	(140, 'Pixel 3 XL', 9, 1),
	(141, 'Pixel 3 XL', 1, 1),
	(142, 'Pixel 3', 9, 3),
	(143, 'Pixel 3', 1, 1),
	(144, 'S41', 1, 2),
	(145, '20', 23, 3),
	(146, '8A', 1, 2),
	(147, 'View 20', 5, 4),
	(148, 'Pixel 3a XL', 1, 1),
	(149, '20 Pro', 24, 4),
	(150, '20', 25, 3),
	(151, '20 Lite', 1, 3),
	(152, 'Xperia 10 Plus', 1, 1),
	(153, '20 Lite', 5, 3),
	(154, 'View 20', 5, 3),
	(155, 'View 20', 1, 3),
	(156, '20', 5, 3),
	(157, '8S', 1, 2),
	(158, '10 Lite', 5, 1),
	(159, '10 Lite', 1, 1),
	(160, 'Y7 (2019)', 6, 2),
	(161, 'P30 Lite', 9, 3),
	(162, 'P30 Pro', 1, 3),
	(163, 'P30 Pro', 5, 3),
	(164, 'P30 Pro', 26, 3),
	(165, 'P30 Pro', 27, 5),
	(166, 'Xperia 10', 5, 1),
	(167, 'P30', 5, 3),
	(168, 'P30', 26, 3),
	(169, 'P30 Lite', 1, 3),
	(170, 'P Smart (2019)', 25, 1),
	(171, 'Mate 20 X', 28, 3),
	(172, 'View 20 8GB RAM', 29, 4),
	(173, 'P Smart (2019)', 30, 1),
	(174, 'Mate 20', 1, 3),
	(175, 'Mate 20 Pro', 1, 3),
	(176, 'Mate 20 Lite', 5, 1),
	(177, '1 Plus', 5, 6),
	(178, 'Xperia L3', 12, 2),
	(179, '8035', 5, 7),
	(180, '10 Lite', 31, 1),
	(181, 'G7 Power', 1, 1),
	(182, 'Find X', 5, 4),
	(183, 'P20 Pro', 5, 3),
	(184, 'E5 Play', 1, 7),
	(185, 'G7 Power', 32, 1),
	(186, 'G7 Play', 33, 2),
	(187, 'G7 Plus', 34, 1),
	(188, 'G7 Plus', 35, 1),
	(189, '4.2', 22, 2),
	(190, '2.2', 1, 7),
	(191, '1 Plus', 1, 6),
	(192, 'Pocophone F1', 1, 3),
	(193, '1 Plus', 8, 6),
	(194, '4.2', 1, 2),
	(195, 'Reno', 36, 4),
	(196, '1', 1, 6),
	(197, 'Reno 10x Zoom', 1, 4),
	(198, 'Find X', 37, 4),
	(199, 'RX17 Pro', 38, 3),
	(200, 'RX17 Neo', 8, 3),
	(201, 'RX17 Pro', 39, 3),
	(202, 'Reno', 40, 4),
	(203, 'DTEK50', 1, 7),
	(204, 'Reno 10x Zoom', 36, 4),
	(205, 'Phone 2', 1, 1),
	(206, 'Galaxy Note 9', 41, 5),
	(207, 'Galaxy Note 9', 42, 3),
	(208, 'Galaxy Note 9', 41, 3),
	(209, 'Galaxy Note 9', 25, 3),
	(210, 'Galaxy A70', 5, 3),
	(211, 'Galaxy Note 10', 18, 4),
	(212, 'Galaxy Note 10 Plus 5G', 18, 5),
	(213, '10', 5, 3),
	(214, 'Galaxy S10e', 43, 3),
	(215, 'Galaxy S10e', 44, 3),
	(216, 'Galaxy S10e', 45, 3),
	(217, '20 Pro', 1, 4),
	(218, 'Galaxy S10e', 46, 3),
	(219, 'Galaxy S10', 43, 3),
	(220, 'Galaxy S10', 44, 3),
	(221, 'Galaxy S10', 45, 3),
	(222, 'Galaxy S10', 43, 5),
	(223, 'Mate 20 X 5G', 11, 4),
	(224, 'Galaxy S10', 44, 5),
	(225, 'Galaxy S10', 45, 5),
	(226, 'Galaxy S10 Plus', 43, 3),
	(227, 'Galaxy S10 Plus', 44, 3),
	(228, 'Galaxy S10 Plus', 45, 3),
	(229, 'Galaxy S10 Plus', 47, 5),
	(230, 'Galaxy S10 Plus', 48, 5),
	(231, 'iPhone 7 CPO Refurbished', 17, 3),
	(232, 'Galaxy A20e', 6, 2),
	(233, 'Galaxy A10', 1, 2),
	(234, 'One Vision', 49, 3),
	(235, '5.1 Plus', 1, 2),
	(236, 'Galaxy A70', 6, 3),
	(237, 'RX17 Neo', 5, 3),
	(238, 'Galaxy A50', 6, 3),
	(239, 'Galaxy A50', 5, 3),
	(240, 'Galaxy A50', 9, 3),
	(241, 'Galaxy A40', 6, 1),
	(242, 'RX17 Pro', 5, 3),
	(243, 'Galaxy A40', 5, 1),
	(244, 'Galaxy Note 10 Plus 5G', 16, 5),
	(245, 'Mi 8', 5, 1),
	(246, 'Galaxy Note 10 Plus 5G', 16, 4),
	(247, 'Mi 8 Pro', 1, 3),
	(248, 'Galaxy Note 10 Plus', 16, 4),
	(249, 'Galaxy A80', 12, 3),
	(250, 'Galaxy A20e', 5, 2),
	(251, 'Galaxy A80', 13, 3),
	(252, 'Galaxy S10e', 50, 3),
	(253, 'Galaxy S10', 50, 3),
	(254, 'Galaxy Note 10 Plus 5G', 18, 4),
	(255, 'Galaxy A70', 9, 3),
	(256, 'Galaxy A40', 9, 1),
	(257, 'Galaxy S10 Plus', 50, 3),
	(258, 'Galaxy S9 Plus', 51, 4),
	(259, 'Galaxy Note8', 1, 1),
	(260, 'Galaxy S9', 52, 1),
	(261, 'Galaxy S9 Plus', 52, 3),
	(262, 'Galaxy S9 Plus', 1, 3),
	(263, 'Galaxy S9 Plus', 53, 3),
	(264, 'Galaxy S8', 54, 1),
	(265, 'Xperia 1', 10, 3),
	(266, 'Xperia 10', 55, 1),
	(267, 'Xperia 10', 1, 1),
	(268, 'Xperia L3', 1, 2),
	(269, 'Mi 8', 1, 1);
/*!40000 ALTER TABLE `models` ENABLE KEYS */;

-- Dumping structure for table phonecheckr.pages
CREATE TABLE IF NOT EXISTS `pages` (
  `id` int(11) NOT NULL AUTO_INCREMENT,
  `name` varchar(50) DEFAULT NULL,
  PRIMARY KEY (`id`)
) ENGINE=InnoDB AUTO_INCREMENT=94 DEFAULT CHARSET=utf8mb4 COLLATE=utf8mb4_0900_ai_ci;

-- Dumping data for table phonecheckr.pages: ~65 rows (approximately)
/*!40000 ALTER TABLE `pages` DISABLE KEYS */;
INSERT INTO `pages` (`id`, `name`) VALUES
	(1, 'iphone-xr'),
	(2, 'iphone-8'),
	(3, '3-(2019)'),
	(4, 'iphone-11'),
	(5, 'iphone-11-pro'),
	(6, 'iphone-11-pro-max'),
	(7, 'iphone-7'),
	(8, 'iphone-8-plus'),
	(9, 'iphone-xs'),
	(10, 'iphone-xs-max'),
	(11, 'iphone-7-plus'),
	(12, 'p20-pro'),
	(13, 'galaxy-note-9'),
	(14, 'galaxy-note-8'),
	(15, 'galaxy-s9'),
	(16, 'galaxy-s10e'),
	(17, 'p30'),
	(18, 'mate-20-pro'),
	(19, 'galaxy-a70'),
	(20, 'galaxy-s9-plus'),
	(21, 'galaxy-note-10'),
	(22, 'iphone-6s'),
	(23, 'galaxy-note-10-plus'),
	(24, 'p30-lite'),
	(25, 'iphone-6s-plus'),
	(26, 'pixel-3a'),
	(27, 'xperia-1'),
	(28, 'galaxy-a40'),
	(29, 'iphone-x-refurbished'),
	(30, 'galaxy-a50'),
	(31, 'galaxy-a80'),
	(32, 'galaxy-a10'),
	(33, 'mate-20-x'),
	(34, 's61'),
	(35, 'mate-20-lite'),
	(36, 'p-smart-2019'),
	(37, 'iphone-6s-refurbished'),
	(38, 'iphone-8-refurbished'),
	(39, 'iphone-x'),
	(40, 'p20'),
	(41, 'galaxy-a20e'),
	(42, 'iphone-7-refurbished'),
	(43, 'pixel-3a-xl'),
	(44, 'pixel-3-xl'),
	(45, 'view-20-6gb-ram'),
	(46, 'pixel-3'),
	(47, 's41'),
	(48, '20'),
	(49, '8a'),
	(50, 'view-20'),
	(51, '20-pro'),
	(52, '20-lite'),
	(53, 'xperia-10-plus'),
	(54, '8s'),
	(55, '10-lite'),
	(56, 'y7-(2019)'),
	(57, 'p30-pro'),
	(58, 'xperia-10'),
	(59, 'p-smart-(2019)'),
	(60, 'view-20-8gb-ram'),
	(61, 'mate-20'),
	(62, '1-plus'),
	(63, 'xperia-l3'),
	(64, '8035'),
	(65, 'g7-power'),
	(66, 'find-x'),
	(67, 'e5-play'),
	(68, 'g7-play'),
	(69, 'g7-plus'),
	(70, '4.2'),
	(71, '2.2'),
	(72, 'pocophone-f1'),
	(73, 'reno'),
	(74, '1'),
	(75, 'reno-10x-zoom'),
	(76, 'rx17-pro'),
	(77, 'rx17-neo'),
	(78, 'dtek50'),
	(79, 'phone-2'),
	(80, 'galaxy-note-10+'),
	(81, 'galaxy-note-10+-5g'),
	(82, '10'),
	(83, 'galaxy-s10'),
	(84, 'mate-20-x-5g'),
	(85, 'galaxy-s10+'),
	(86, 'iphone-7-cpo-refurbished'),
	(87, 'one-vision'),
	(88, '5.1-plus'),
	(89, 'mi-8'),
	(90, 'mi-8-pro'),
	(91, 'galaxy-s9+'),
	(92, 'galaxy-note8'),
	(93, 'galaxy-s8');
/*!40000 ALTER TABLE `pages` ENABLE KEYS */;

-- Dumping structure for table phonecheckr.products
CREATE TABLE IF NOT EXISTS `products` (
  `id` int(11) NOT NULL AUTO_INCREMENT,
  `url_id` int(11) DEFAULT NULL,
  `page_id` int(11) DEFAULT NULL,
  `brand_id` int(11) DEFAULT NULL,
  `model_id` int(11) DEFAULT NULL,
  `supplier_id` int(11) DEFAULT NULL,
  `image` varchar(2083) DEFAULT NULL,
  `description` text,
  `price` double DEFAULT NULL,
  PRIMARY KEY (`id`),
  KEY `FK_products_pages` (`page_id`),
  KEY `FK_products_brand` (`brand_id`),
  KEY `FK_products_model` (`model_id`),
  KEY `FK_products_supplier` (`supplier_id`),
  KEY `FK_products_url` (`url_id`),
  CONSTRAINT `FK_products_brand` FOREIGN KEY (`brand_id`) REFERENCES `brands` (`id`),
  CONSTRAINT `FK_products_model` FOREIGN KEY (`model_id`) REFERENCES `models` (`id`),
  CONSTRAINT `FK_products_pages` FOREIGN KEY (`page_id`) REFERENCES `pages` (`id`),
  CONSTRAINT `FK_products_supplier` FOREIGN KEY (`supplier_id`) REFERENCES `suppliers` (`id`),
  CONSTRAINT `FK_products_url` FOREIGN KEY (`url_id`) REFERENCES `urls` (`id`)
) ENGINE=InnoDB AUTO_INCREMENT=300 DEFAULT CHARSET=utf8mb4 COLLATE=utf8mb4_0900_ai_ci;

-- Dumping data for table phonecheckr.products: ~0 rows (approximately)
/*!40000 ALTER TABLE `products` DISABLE KEYS */;
INSERT INTO `products` (`id`, `url_id`, `page_id`, `brand_id`, `model_id`, `supplier_id`, `image`, `description`, `price`) VALUES
	(1, 1, 1, 1, 1, 1, 'https://www.buymobiles.net/files/images/handsets/apple/ipxr-grey-front.png', 'iPhone XR features a 6.1-inch Liquid Retina display. Six stunning colors. Advanced Face ID lets you securely unlock your iPhone and log in to apps with just a glance. The A12 Bionic chip uses real-time machine learning to transform the way you experience photos, gaming, augmented reality (AR), and more. A 12MP camera system with Portrait mode, Portrait Lighting, enhanced bokeh, and Depth Control for studio-quality portraits. And a water-resistant design.', 629),
	(2, 2, 2, 1, 2, 1, 'https://www.buymobiles.net/files/images/handsets/apple/ip8-grey-front.png', 'iPhone 8 features a stylish all-glass design. The 12MP camera is even better than previous generation. And wireless charging1 makes it effortless to power up. • Strong and stylish glass design • Fast and easy wireless charging1 • Amazing photos on a 12MP camera', 479),
	(3, 3, 3, 2, 3, 2, 'https://brain-images-ssl.cdn.dixons.com/8/6/10196668/u_10196668.jpg', 'Android 9 (Pie), 5.9" HD touchscreen, Dual 13 MP / 5 MP main cameras, 8 MP front camera, Battery capacity: 3500 mAh', 149.99),
	(4, 4, 3, 2, 4, 2, 'https://brain-images-ssl.cdn.dixons.com/8/8/10196788/u_10196788.jpg', 'Android 9 (Pie), 5.9" HD touchscreen, Dual 13 MP / 5 MP main cameras, 8 MP front camera, Battery capacity: 3500 mAh', 129.99),
	(5, 5, 4, 1, 5, 1, 'https://www.buymobiles.net/files/images/handsets/apple/iphone-11-black-front.png', 'All-new dual-camera system with Ultra Wide. Night mode and stunning video quality. Water and dust resistance.1 All-day battery life.2 In six stunning colors. Experience iPhone at 11. • 6.1-inch Liquid Retina HD LCD display3 • Water and dust resistant (2 meters for up to 30 minutes, IP68)1 • Dual-camera system with 12MP Ultra Wide and Wide cameras; Night mode, Portrait mode, and 4K video up to 60fps', 729),
	(6, 6, 1, 1, 6, 2, 'https://brain-images-ssl.cdn.dixons.com/1/6/10186161/u_10186161.jpg', 'iOS 12, 6.1" HD Liquid Retina touchscreen, 12 MP main camera, 7 MP front camera, Apple A12 Bionic processor', 679),
	(7, 7, 1, 1, 7, 2, 'https://brain-images-ssl.cdn.dixons.com/2/6/10186162/u_10186162.jpg', 'iOS 12, 6.1" HD Liquid Retina touchscreen, 12 MP main camera, 7 MP front camera, Apple A12 Bionic processor', 679),
	(8, 8, 1, 1, 8, 2, 'https://brain-images-ssl.cdn.dixons.com/7/3/10186037/u_10186037.jpg', 'iOS 12, 6.1" HD Liquid Retina touchscreen, 12 MP main camera, 7 MP front camera, Apple A12 Bionic processor', 679),
	(9, 9, 5, 1, 9, 1, 'https://www.buymobiles.net/files/images/handsets/apple/iphone-11-pro-grey-front.png', 'All new triple-camera system. All-day battery life.1 The fastest chip in a smartphone. And the brightest iPhone display yet. iPhone just went pro. • 5.8-inch Super Retina XDR OLED display3 • Water and dust resistant (4 meters for up to 30 minutes, IP68)2 • Triple-camera system with 12MP Ultra Wide, Wide, and Telephoto cameras; Night mode, Portrait mode, and 4K video up to 60fps', 1049),
	(10, 10, 1, 1, 10, 2, 'https://brain-images-ssl.cdn.dixons.com/0/7/10186070/u_10186070.jpg', 'iOS 12, 6.1" HD Liquid Retina touchscreen, 12 MP main camera, 7 MP front camera, Apple A12 Bionic processor', 679),
	(11, 11, 4, 1, 11, 2, 'https://brain-images-ssl.cdn.dixons.com/9/6/10197969/u_10197969.jpg', 'iOS 13, 6.1" HD Liquid Retina touchscreen, Dual 12 MP main cameras, 12 MP front camera, Apple A13 Bionic processor', 729),
	(12, 12, 4, 1, 12, 2, 'https://brain-images-ssl.cdn.dixons.com/0/7/10197970/u_10197970.jpg', 'iOS 13, 6.1" HD Liquid Retina touchscreen, Dual 12 MP main cameras, 12 MP front camera, Apple A13 Bionic processor', 729),
	(13, 13, 4, 1, 13, 2, 'https://brain-images-ssl.cdn.dixons.com/1/7/10197971/u_10197971.jpg', 'iOS 13, 6.1" HD Liquid Retina touchscreen, Dual 12 MP main cameras, 12 MP front camera, Apple A13 Bionic processor', 729),
	(14, 14, 4, 1, 14, 2, 'https://brain-images-ssl.cdn.dixons.com/2/7/10197972/u_10197972.jpg', 'iOS 13, 6.1" HD Liquid Retina touchscreen, Dual 12 MP main cameras, 12 MP front camera, Apple A13 Bionic processor', 729),
	(15, 15, 6, 1, 15, 1, 'https://www.buymobiles.net/files/images/handsets/apple/iphone-11-pro-grey-front.png', 'All new triple-camera system. All-day battery life.1 The fastest chip in a smartphone. And a 6.5-inch Super Retina XDR display-the biggest and brightest display in an iPhone.2 • 6.5-inch Super Retina XDR OLED display2 • Water and dust resistant (4 meters for up to 30 minutes, IP68)3 • Triple-camera system with 12MP Ultra Wide, Wide, and Telephoto cameras; Night mode, Portrait mode, and 4K video up to 60fps', 1149),
	(16, 16, 4, 1, 16, 2, 'https://brain-images-ssl.cdn.dixons.com/3/7/10197973/u_10197973.jpg', 'iOS 13, 6.1" HD Liquid Retina touchscreen, Dual 12 MP main cameras, 12 MP front camera, Apple A13 Bionic processor', 729),
	(17, 17, 4, 1, 5, 2, 'https://brain-images-ssl.cdn.dixons.com/4/7/10197974/u_10197974.jpg', 'iOS 13, 6.1" HD Liquid Retina touchscreen, Dual 12 MP main cameras, 12 MP front camera, Apple A13 Bionic processor', 729),
	(18, 18, 4, 1, 17, 2, 'https://brain-images-ssl.cdn.dixons.com/5/7/10197975/l_10197975.jpg', 'iOS 13, 6.1" HD Liquid Retina touchscreen, Dual 12 MP main cameras, 12 MP front camera, Apple A13 Bionic processor', 779),
	(19, 19, 4, 1, 18, 2, 'https://brain-images-ssl.cdn.dixons.com/6/7/10197976/u_10197976.jpg', 'iOS 13, 6.1" HD Liquid Retina touchscreen, Dual 12 MP main cameras, 12 MP front camera, Apple A13 Bionic processor', 779),
	(20, 20, 4, 1, 19, 2, 'https://brain-images-ssl.cdn.dixons.com/7/7/10197977/u_10197977.jpg', 'iOS 13, 6.1" HD Liquid Retina touchscreen, Dual 12 MP main cameras, 12 MP front camera, Apple A13 Bionic processor', 779),
	(21, 21, 4, 1, 20, 2, 'https://brain-images-ssl.cdn.dixons.com/8/7/10197978/u_10197978.jpg', 'iOS 13, 6.1" HD Liquid Retina touchscreen, Dual 12 MP main cameras, 12 MP front camera, Apple A13 Bionic processor', 779),
	(22, 22, 4, 1, 21, 2, 'https://brain-images-ssl.cdn.dixons.com/9/7/10197979/u_10197979.jpg', 'iOS 13, 6.1" HD Liquid Retina touchscreen, Dual 12 MP main cameras, 12 MP front camera, Apple A13 Bionic processor', 779),
	(23, 23, 7, 1, 22, 1, 'https://www.buymobiles.net/files/images/handsets/apple/ip7-grey-front.png', 'With two amazing cameras, an impressive performance and battery life, as well as splash and water-resistance, iPhone 7 promises an amazing experience. • 12MP wide-angle and telephoto cameras • 4.7-inch Retina HD display • A10 Fusion chip for a speedy performance', 379),
	(24, 24, 4, 1, 23, 2, 'https://brain-images-ssl.cdn.dixons.com/0/8/10197980/u_10197980.jpg', 'iOS 13, 6.1" HD Liquid Retina touchscreen, Dual 12 MP main cameras, 12 MP front camera, Apple A13 Bionic processor', 779),
	(25, 25, 4, 1, 24, 2, 'https://brain-images-ssl.cdn.dixons.com/1/8/10197981/u_10197981.jpg', 'iOS 13, 6.1" HD Liquid Retina touchscreen, Dual 12 MP main cameras, 12 MP front camera, Apple A13 Bionic processor', 879),
	(26, 26, 4, 1, 25, 2, 'https://brain-images-ssl.cdn.dixons.com/2/8/10197982/u_10197982.jpg', 'iOS 13, 6.1" HD Liquid Retina touchscreen, Dual 12 MP main cameras, 12 MP front camera, Apple A13 Bionic processor', 879),
	(27, 27, 4, 1, 26, 2, 'https://brain-images-ssl.cdn.dixons.com/3/8/10197983/u_10197983.jpg', 'iOS 13, 6.1" HD Liquid Retina touchscreen, Dual 12 MP main cameras, 12 MP front camera, Apple A13 Bionic processor', 879),
	(28, 28, 4, 1, 27, 2, 'https://brain-images-ssl.cdn.dixons.com/4/8/10197984/u_10197984.jpg', 'iOS 13, 6.1" HD Liquid Retina touchscreen, Dual 12 MP main cameras, 12 MP front camera, Apple A13 Bionic processor', 879),
	(29, 29, 4, 1, 28, 2, 'https://brain-images-ssl.cdn.dixons.com/5/8/10197985/u_10197985.jpg', 'iOS 13, 6.1" HD Liquid Retina touchscreen, Dual 12 MP main cameras, 12 MP front camera, Apple A13 Bionic processor', 879),
	(30, 30, 4, 1, 29, 2, 'https://brain-images-ssl.cdn.dixons.com/6/8/10197986/u_10197986.jpg', 'iOS 13, 6.1" HD Liquid Retina touchscreen, Dual 12 MP main cameras, 12 MP front camera, Apple A13 Bionic processor', 879),
	(31, 31, 8, 1, 30, 1, 'https://www.buymobiles.net/files/images/handsets/apple/ip8-plus-grey-front.png', 'iPhone 8 Plus features a stylish all-glass design. The 12MP camera is even better than previous generations. And wireless charging1 makes it effortless to power up. • Great viewing on a large 5.5-inch Full HD display • Fast and easy wireless charging1 • Amazing photos on an advanced 12MP camera', 579),
	(32, 32, 5, 1, 9, 2, 'https://brain-images-ssl.cdn.dixons.com/4/9/10197994/u_10197994.jpg', 'iOS 13, 5.8" Super Retina XDR display, Triple 12 MP main cameras, 12 MP front camera, Apple A13 Bionic processor', 1049),
	(33, 33, 5, 1, 31, 2, 'https://brain-images-ssl.cdn.dixons.com/5/9/10197995/u_10197995.jpg', 'iOS 13, 5.8" Super Retina XDR display, Triple 12 MP main cameras, 12 MP front camera, Apple A13 Bionic processor', 1049),
	(34, 34, 5, 1, 32, 2, 'https://brain-images-ssl.cdn.dixons.com/6/9/10197996/u_10197996.jpg', 'iOS 13, 5.8" Super Retina XDR display, Triple 12 MP main cameras, 12 MP front camera, Apple A13 Bionic processor', 1049),
	(35, 35, 5, 1, 33, 2, 'https://brain-images-ssl.cdn.dixons.com/7/9/10197997/u_10197997.jpg', 'iOS 13, 5.8" Super Retina XDR display, Triple 12 MP main cameras, 12 MP front camera, Apple A13 Bionic processor', 1199),
	(36, 36, 9, 1, 34, 1, 'https://www.buymobiles.net/files/images/handsets/apple/ipxs-grey-front.png', 'iPhone Xs features a 5.8-inch Super Retina display with a custom-built OLED panel for HDR with remarkable brightness. Advanced Face ID lets you securely unlock your iPhone and log in to apps with just a glance. The A12 Bionic chip uses real-time machine learning to transform the way you experience photos, gaming, augmented reality (AR), and more. A 12MP dual-camera system with Portrait Lighting, enhanced bokeh, and Depth Control for studio-quality portraits. And a water-resistant design.', 949),
	(37, 37, 5, 1, 35, 2, 'https://brain-images-ssl.cdn.dixons.com/8/9/10197998/u_10197998.jpg', 'iOS 13, 5.8" Super Retina XDR display, Triple 12 MP main cameras, 12 MP front camera, Apple A13 Bionic processor', 1199),
	(38, 38, 5, 1, 36, 2, 'https://brain-images-ssl.cdn.dixons.com/9/9/10197999/u_10197999.jpg', 'iOS 13, 5.8" Super Retina XDR display, Triple 12 MP main cameras, 12 MP front camera, Apple A13 Bionic processor', 1199),
	(39, 39, 5, 1, 37, 2, 'https://brain-images-ssl.cdn.dixons.com/0/0/10198000/u_10198000.jpg', 'iOS 13, 5.8" Super Retina XDR display, Triple 12 MP main cameras, 12 MP front camera, Apple A13 Bionic processor', 1399),
	(40, 40, 5, 1, 38, 2, 'https://brain-images-ssl.cdn.dixons.com/1/0/10198001/u_10198001.jpg', 'iOS 13, 5.8" Super Retina XDR display, Triple 12 MP main cameras, 12 MP front camera, Apple A13 Bionic processor', 1399),
	(41, 41, 10, 1, 39, 1, 'https://www.buymobiles.net/files/images/handsets/apple/ipxs-max-grey-front.png', 'iPhone Xs Max features a 6.5-inch Super Retina display with a custom-built OLED panel for HDR with remarkable brightness. Advanced Face ID lets you securely unlock your iPhone and log in to apps with just a glance. The A12 Bionic chip uses real-time machine learning to transform the way you experience photos, gaming, augmented reality (AR), and more. A 12MP dual-camera system with Portrait Lighting, enhanced bokeh, and Depth Control for studio-quality portraits. And a water-resistant design.', 1049),
	(42, 42, 5, 1, 40, 2, 'https://brain-images-ssl.cdn.dixons.com/2/0/10198002/u_10198002.jpg', 'iOS 13, 5.8" Super Retina XDR display, Triple 12 MP main cameras, 12 MP front camera, Apple A13 Bionic processor', 1399),
	(43, 43, 6, 1, 15, 2, 'https://brain-images-ssl.cdn.dixons.com/3/0/10198003/u_10198003.jpg', 'iOS 13, 6.5" Super Retina XDR display, Triple 12 MP main cameras, 12 MP front camera, Apple A13 Bionic processor', 1149),
	(44, 44, 6, 1, 41, 2, 'https://brain-images-ssl.cdn.dixons.com/4/0/10198004/u_10198004.jpg', 'iOS 13, 6.5" Super Retina XDR display, Triple 12 MP main cameras, 12 MP front camera, Apple A13 Bionic processor', 1149),
	(45, 45, 6, 1, 42, 2, 'https://brain-images-ssl.cdn.dixons.com/5/0/10198005/u_10198005.jpg', 'iOS 13, 6.5" Super Retina XDR display, Triple 12 MP main cameras, 12 MP front camera, Apple A13 Bionic processor', 1149),
	(46, 46, 6, 1, 43, 2, 'https://brain-images-ssl.cdn.dixons.com/6/0/10198006/l_10198006.jpg', 'iOS 13, 6.5" Super Retina XDR display, Triple 12 MP main cameras, 12 MP front camera, Apple A13 Bionic processor', 1299),
	(47, 47, 11, 1, 44, 1, 'https://www.buymobiles.net/files/images/handsets/apple/ip7-plus-grey-front.png', 'Dual 12MP cameras. Retina HD display. High performance and great battery life. Water and dust resistant.1 And stereo speakers.', 429),
	(48, 48, 6, 1, 45, 2, 'https://brain-images-ssl.cdn.dixons.com/7/0/10198007/u_10198007.jpg', 'iOS 13, 6.5" Super Retina XDR display, Triple 12 MP main cameras, 12 MP front camera, Apple A13 Bionic processor', 1299),
	(49, 49, 6, 1, 46, 2, 'https://brain-images-ssl.cdn.dixons.com/8/0/10198008/u_10198008.jpg', 'iOS 13, 6.5" Super Retina XDR display, Triple 12 MP main cameras, 12 MP front camera, Apple A13 Bionic processor', 1299),
	(50, 50, 12, 3, 47, 1, 'https://www.buymobiles.net/files/images/handsets/huawei/p20pro-black-front.png', 'Huawei P20 Pro is one of the most stylish and powerful smartphones, with a 40MP Leica Triple Camera that rivals professional cameras. • Sharp 6.1-inch FullView HD+ display • Plenty of room with 128GB storage • 40MP camera with artificial intelligence', 499),
	(51, 51, 6, 1, 48, 2, 'https://brain-images-ssl.cdn.dixons.com/9/0/10198009/u_10198009.jpg', 'iOS 13, 6.5" Super Retina XDR display, Triple 12 MP main cameras, 12 MP front camera, Apple A13 Bionic processor', 1499),
	(52, 52, 6, 1, 49, 2, 'https://brain-images-ssl.cdn.dixons.com/0/1/10198010/u_10198010.jpg', 'iOS 13, 6.5" Super Retina XDR display, Triple 12 MP main cameras, 12 MP front camera, Apple A13 Bionic processor', 1499),
	(53, 53, 6, 1, 50, 2, 'https://brain-images-ssl.cdn.dixons.com/1/1/10198011/u_10198011.jpg', 'iOS 13, 6.5" Super Retina XDR display, Triple 12 MP main cameras, 12 MP front camera, Apple A13 Bionic processor', 1499),
	(54, 54, 5, 1, 51, 2, 'https://brain-images-ssl.cdn.dixons.com/2/1/10198012/u_10198012.jpg', 'iOS 13, 5.8" Super Retina XDR display, Triple 12 MP main cameras, 12 MP front camera, Apple A13 Bionic processor', 1049),
	(55, 55, 13, 4, 52, 1, 'https://www.buymobiles.net/files/images/handsets/samsung/note-9-black-front.png', 'Samsung Galaxy Note9 boasts all the power of a tablet, built into a stylish mobile, complete with the iconic S Pen and a fantastic battery performance. • Scribble notes and sketch with the S Pen • Enjoy media on a 6.4-inch Quad HD+ display • Large 4000 mAh battery with wireless charging', 649),
	(56, 56, 5, 1, 53, 2, 'https://brain-images-ssl.cdn.dixons.com/3/1/10198013/u_10198013.jpg', 'iOS 13, 5.8" Super Retina XDR display, Triple 12 MP main cameras, 12 MP front camera, Apple A13 Bionic processor', 1199),
	(57, 57, 14, 4, 54, 1, 'https://www.buymobiles.net/files/images/handsets/samsung/note-8-black-front.png', 'A large and powerful mobile phone that’s made for watching video content and productivity with the S Pen. • Beautiful 6.3-inch Quad HD+ screen • Fantastic 12MP dual lens camera • Advanced performance', 599),
	(58, 58, 5, 1, 55, 2, 'https://brain-images-ssl.cdn.dixons.com/4/1/10198014/u_10198014.jpg', 'iOS 13, 5.8" Super Retina XDR display, Triple 12 MP main cameras, 12 MP front camera, Apple A13 Bionic processor', 1399),
	(59, 59, 6, 1, 56, 2, 'https://brain-images-ssl.cdn.dixons.com/6/1/10198016/u_10198016.jpg', 'iOS 13, 6.5" Super Retina XDR display, Triple 12 MP main cameras, 12 MP front camera, Apple A13 Bionic processor', 1299),
	(60, 60, 6, 1, 57, 2, 'https://brain-images-ssl.cdn.dixons.com/7/1/10198017/u_10198017.jpg', 'iOS 13, 6.5" Super Retina XDR display, Triple 12 MP main cameras, 12 MP front camera, Apple A13 Bionic processor', 1499),
	(61, 61, 15, 4, 58, 1, 'https://www.buymobiles.net/files/images/handsets/samsung/s9-blue-front-new.png', 'Samsung Galaxy S9 boasts a breakthrough 12MP camera, and a beautiful Infinity Display for uninterrupted viewing. • 12MP camera with creative shooting modes • 5.8-inch widescreen Quad HD display • Turn yourself into an emoji using AR', 499),
	(62, 62, 1, 1, 59, 2, 'https://brain-images-ssl.cdn.dixons.com/8/8/10187788/u_10187788.jpg', 'VODAFONE Pay As You Go SIM Card', 749),
	(63, 63, 1, 1, 60, 2, 'https://brain-images-ssl.cdn.dixons.com/0/9/10187790/u_10187790.jpg', 'VODAFONE Pay As You Go SIM Card', 799),
	(64, 64, 16, 4, 61, 1, 'https://www.buymobiles.net/files/images/handsets/samsung/s10e-front-black.png', 'The Galaxy S10e is packed full of advanced technology and finished off with a stylish flat-screen design. At 5.8-inches, it’s more compact than the S10 and S10 Plus. • Flat-screen look on a 5.8-inch Infinity-O Display • Charge other mobiles with Wireless Power Sharing • Capture crisp and clear photos on powerful cameras', 599),
	(65, 65, 17, 3, 62, 1, 'https://www.buymobiles.net/files/images/handsets/huawei/p30-black-front-new.png', 'If you’re looking for one of the best camera phones, look no further than Huawei P30 and its advanced Leica triple camera setup. • 40MP + 16MP + 8MP camera setup • Futuristic in-screen fingerprint scanner • Powerful processor and performance', 699),
	(66, 66, 18, 3, 63, 1, 'https://www.buymobiles.net/files/images/handsets/huawei/mate-20-pro-twilight-front.png', 'Huawei Mate 20 Pro packs amazing and powerful technology, like the professional-standard Leica camera and its ability to wirelessly charge other compatible mobiles. • Leica Triple Camera for amazing photos • Large, crystal-clear 6.39-inch Full HD+ display • A whopping 128GB storage as standard', 599),
	(67, 67, 19, 4, 64, 1, 'https://www.buymobiles.net/files/images/handsets/samsung/a70-black-front.png', 'With one of the biggest and best screens in its category, Samsung Galaxy A70 is a great choice for entertainment-lovers on a budget. • Wide 6.7-inch Full HD+ display • Triple camera for creative photos • Snazzy on-screen fingerprint scanner', 369),
	(68, 68, 9, 1, 65, 2, 'https://brain-images-ssl.cdn.dixons.com/1/4/10185941/u_10185941.jpg', 'iOS 12, 5.8" Super Retina HD Display, Dual 12 MP main cameras, TrueDepth 7 MP front camera, Apple A12 Bionic processor', 949),
	(69, 69, 9, 1, 34, 2, 'https://brain-images-ssl.cdn.dixons.com/2/4/10185942/u_10185942.jpg', 'iOS 12, 5.8" Super Retina HD Display, Dual 12 MP main cameras, TrueDepth 7 MP front camera, Apple A12 Bionic processor', 949),
	(70, 70, 9, 1, 66, 2, 'https://brain-images-ssl.cdn.dixons.com/3/4/10185943/u_10185943.jpg', 'iOS 12, 5.8" Super Retina HD Display, Dual 12 MP main cameras, TrueDepth 7 MP front camera, Apple A12 Bionic processor', 949),
	(71, 71, 9, 1, 67, 2, 'https://brain-images-ssl.cdn.dixons.com/4/4/10185944/u_10185944.jpg', 'iOS 12, 5.8" Super Retina HD Display, Dual 12 MP main cameras, TrueDepth 7 MP front camera, Apple A12 Bionic processor', 1099),
	(72, 72, 9, 1, 68, 2, 'https://brain-images-ssl.cdn.dixons.com/5/4/10185945/u_10185945.jpg', 'iOS 12, 5.8" Super Retina HD Display, Dual 12 MP main cameras, TrueDepth 7 MP front camera, Apple A12 Bionic processor', 1099),
	(73, 73, 20, 4, 69, 1, 'https://www.buymobiles.net/files/images/handsets/samsung/s9plus-blue-front.png', 'Samsung Galaxy S9 Plus boasts a breakthrough 12MP camera, and a large, beautiful Infinity Display for uninterrupted viewing. • 12MP camera with creative shooting modes • 6.2-inch widescreen Quad HD display • Turn yourself into an emoji using AR', 599),
	(74, 74, 9, 1, 70, 2, 'https://brain-images-ssl.cdn.dixons.com/6/4/10185946/u_10185946.jpg', 'iOS 12, 5.8" Super Retina HD Display, Dual 12 MP main cameras, TrueDepth 7 MP front camera, Apple A12 Bionic processor', 1099),
	(75, 75, 9, 1, 71, 2, 'https://brain-images-ssl.cdn.dixons.com/7/4/10185947/u_10185947.jpg', 'iOS 12, 5.8" Super Retina HD Display, Dual 12 MP main cameras, TrueDepth 7 MP front camera, Apple A12 Bionic processor', 1299),
	(76, 76, 9, 1, 72, 2, 'https://brain-images-ssl.cdn.dixons.com/8/4/10185948/u_10185948.jpg', 'iOS 12, 5.8" Super Retina HD Display, Dual 12 MP main cameras, TrueDepth 7 MP front camera, Apple A12 Bionic processor', 1299),
	(77, 77, 9, 1, 73, 2, 'https://brain-images-ssl.cdn.dixons.com/9/4/10185949/u_10185949.jpg', 'iOS 12, 5.8" Super Retina HD Display, Dual 12 MP main cameras, TrueDepth 7 MP front camera, Apple A12 Bionic processor', 1299),
	(78, 78, 21, 4, 74, 1, 'https://www.buymobiles.net/files/images/handsets/samsung/note-10-black-front.png', 'Experience more of what you love on an immersive, cinematic screen. And enjoy a camera that empowers you to create like a pro. All on Samsung Galaxy Note 10. • Incredibly immersive 6.3-inch Infinity-O Display • Shoot video and edit photos just like the pros • Sketch designs and control the camera with S-Pen', 869),
	(79, 79, 10, 1, 75, 2, 'https://brain-images-ssl.cdn.dixons.com/0/5/10185950/u_10185950.jpg', 'iOS 12, 6.5" Super Retina HD touchscreen, Dual 12 MP main cameras, TrueDepth 7 MP front camera, Apple A12 Bionic processor', 1049),
	(80, 80, 10, 1, 39, 2, 'https://brain-images-ssl.cdn.dixons.com/1/5/10185951/u_10185951.jpg', 'iOS 12, 6.5" Super Retina HD touchscreen, Dual 12 MP main cameras, TrueDepth 7 MP front camera, Apple A12 Bionic processor', 1049),
	(81, 81, 10, 1, 76, 2, 'https://brain-images-ssl.cdn.dixons.com/2/5/10185952/u_10185952.jpg', 'iOS 12, 6.5" Super Retina HD touchscreen, Dual 12 MP main cameras, TrueDepth 7 MP front camera, Apple A12 Bionic processor', 1049),
	(82, 82, 10, 1, 77, 2, 'https://brain-images-ssl.cdn.dixons.com/3/5/10185953/u_10185953.jpg', 'iOS 12, 6.5" Super Retina HD touchscreen, Dual 12 MP main cameras, TrueDepth 7 MP front camera, Apple A12 Bionic processor', 1199),
	(83, 83, 22, 1, 78, 1, 'https://www.buymobiles.net/files/images/handsets/apple/ip6s-rose-front-new.png', 'The moment you use iPhone 6s, you know you’ve never felt anything like it. • 3D Touch for quick interaction • Advanced 12MP camera and 4K video • Compact 4.7-inch Retina HD display', 449),
	(84, 84, 10, 1, 79, 2, 'https://brain-images-ssl.cdn.dixons.com/4/5/10185954/u_10185954.jpg', 'iOS 12, 6.5" Super Retina HD touchscreen, Dual 12 MP main cameras, TrueDepth 7 MP front camera, Apple A12 Bionic processor', 1199),
	(85, 85, 10, 1, 80, 2, 'https://brain-images-ssl.cdn.dixons.com/5/5/10185955/u_10185955.jpg', 'iOS 12, 6.5" Super Retina HD touchscreen, Dual 12 MP main cameras, TrueDepth 7 MP front camera, Apple A12 Bionic processor', 1399),
	(86, 86, 1, 1, 81, 2, 'https://brain-images-ssl.cdn.dixons.com/6/5/10185956/u_10185956.jpg', 'iOS 12, 6.1" HD Liquid Retina touchscreen, 12 MP main camera, 7 MP front camera, Apple A12 Bionic processor', 779),
	(87, 87, 1, 1, 82, 2, 'https://brain-images-ssl.cdn.dixons.com/7/5/10185957/u_10185957.jpg', 'iOS 12, 6.1" HD Liquid Retina touchscreen, 12 MP main camera, 7 MP front camera, Apple A12 Bionic processor', 779),
	(88, 88, 23, 4, 83, 1, 'https://www.buymobiles.net/files/images/handsets/samsung/note-10plus-glow-front.png', 'Welcome to the big screen, on the cinematic Samsung Galaxy Note 10 Plus that boasts an immersive 6.8-inch Quad HD+ display. Complete with the S-Pen for sketching and much more. • Incredibly detailed 6.8-inch Infinity-O Display • Shoot and edit professional-standard photos and video • Sketch designs and control the camera with S-Pen', 999),
	(89, 89, 1, 1, 60, 2, 'https://brain-images-ssl.cdn.dixons.com/8/5/10185958/u_10185958.jpg', 'iOS 12, 6.1" HD Liquid Retina touchscreen, 12 MP main camera, 7 MP front camera, Apple A12 Bionic processor', 679),
	(90, 90, 1, 1, 84, 2, 'https://brain-images-ssl.cdn.dixons.com/9/5/10185959/u_10185959.jpg', 'iOS 12, 6.1" HD Liquid Retina touchscreen, 12 MP main camera, 7 MP front camera, Apple A12 Bionic processor', 679),
	(91, 91, 1, 1, 1, 2, 'https://brain-images-ssl.cdn.dixons.com/2/7/10185972/u_10185972.jpg', 'iOS 12, 6.1" HD Liquid Retina touchscreen, 12 MP main camera, 7 MP front camera, Apple A12 Bionic processor', 629),
	(92, 92, 1, 1, 59, 2, 'https://brain-images-ssl.cdn.dixons.com/3/7/10185973/u_10185973.jpg', 'iOS 12, 6.1" HD Liquid Retina touchscreen, 12 MP main camera, 7 MP front camera, Apple A12 Bionic processor', 629),
	(93, 93, 24, 3, 85, 1, 'https://www.buymobiles.net/files/images/handsets/huawei/p30-lite-blue-front.png', 'Get a cracking camera phone at a cracking price. Huawei P30 Lite will capture amazing photos in all sorts of scenarios. • Advanced triple camera setup • Better viewing on a 6.15-inch Dewdrop Display • A huge 128GB of storage for your apps and photos', 299),
	(94, 94, 1, 1, 86, 2, 'https://brain-images-ssl.cdn.dixons.com/4/7/10185974/u_10185974.jpg', 'iOS 12, 6.1" HD Liquid Retina touchscreen, 12 MP main camera, 7 MP front camera, Apple A12 Bionic processor', 629),
	(95, 95, 25, 1, 87, 1, 'https://www.buymobiles.net/files/images/handsets/apple/ip6s-rose-front-new.png', 'The moment you use iPhone 6s Plus, you know you’ve never felt anything like it. • 3D Touch for quick interaction • Advanced 12MP camera and 4K video • Large 5.5-inch Retina HD display', 549),
	(96, 96, 1, 1, 88, 2, 'https://brain-images-ssl.cdn.dixons.com/5/7/10185975/u_10185975.jpg', 'iOS 12, 6.1" HD Liquid Retina touchscreen, 12 MP main camera, 7 MP front camera, Apple A12 Bionic processor', 629),
	(97, 97, 26, 5, 89, 1, 'https://www.buymobiles.net/files/images/handsets/google/pixel-3a-black-front.png', 'Google Pixel 3a gives you everything you need in a mobile phone, like a top-rate camera and long-lasting battery, at a fraction of the price you’d expect. • Clever 12.2MP dual-pixel camera • Unlimited Google Photos1 storage • Do more with up to 30 hours of battery', 399),
	(98, 98, 1, 1, 90, 2, 'https://brain-images-ssl.cdn.dixons.com/6/7/10185976/u_10185976.jpg', 'iOS 12, 6.1" HD Liquid Retina touchscreen, 12 MP main camera, 7 MP front camera, Apple A12 Bionic processor', 629),
	(99, 99, 1, 1, 91, 2, 'https://brain-images-ssl.cdn.dixons.com/7/7/10185977/u_10185977.jpg', 'iOS 12, 6.1" HD Liquid Retina touchscreen, 12 MP main camera, 7 MP front camera, Apple A12 Bionic processor', 629),
	(100, 100, 1, 1, 92, 2, 'https://brain-images-ssl.cdn.dixons.com/8/7/10185978/u_10185978.jpg', 'iOS 12, 6.1" HD Liquid Retina touchscreen, 12 MP main camera, 7 MP front camera, Apple A12 Bionic processor', 779),
	(101, 101, 1, 1, 93, 2, 'https://brain-images-ssl.cdn.dixons.com/9/7/10185979/u_10185979.jpg', 'iOS 12, 6.1" HD Liquid Retina touchscreen, 12 MP main camera, 7 MP front camera, Apple A12 Bionic processor', 779),
	(102, 102, 1, 1, 94, 2, 'https://brain-images-ssl.cdn.dixons.com/0/8/10185980/u_10185980.jpg', 'iOS 12, 6.1" HD Liquid Retina touchscreen, 12 MP main camera, 7 MP front camera, Apple A12 Bionic processor', 779),
	(103, 103, 1, 1, 95, 2, 'https://brain-images-ssl.cdn.dixons.com/1/8/10185981/u_10185981.jpg', 'iOS 12, 6.1" HD Liquid Retina touchscreen, 12 MP main camera, 7 MP front camera, Apple A12 Bionic processor', 779),
	(104, 105, 10, 1, 96, 2, 'https://brain-images-ssl.cdn.dixons.com/4/5/10185854/u_10185854.jpg', 'iOS 12, 6.5" Super Retina HD touchscreen, Dual 12 MP main cameras, TrueDepth 7 MP front camera, Apple A12 Bionic processor', 1249),
	(105, 104, 27, 6, 97, 1, 'https://www.buymobiles.net/files/images/handsets/sony/sony-xperia-1-black-front.png', 'See more on Sony Xperia 1 that boasts the world’s first 4K OLED mobile display for one of the best visual and gaming experiences available. • A more modern, screen-focussed redesign • Amazing viewing on a large 6.5-inch display • Made for gaming, with enhanced features', 699),
	(106, 106, 10, 1, 98, 2, 'https://brain-images-ssl.cdn.dixons.com/5/5/10185855/u_10185855.jpg', 'iOS 12, 6.5" Super Retina HD touchscreen, Dual 12 MP main cameras, TrueDepth 7 MP front camera, Apple A12 Bionic processor', 1399),
	(107, 107, 10, 1, 99, 2, 'https://brain-images-ssl.cdn.dixons.com/6/5/10185856/u_10185856.jpg', 'iOS 12, 6.5" Super Retina HD touchscreen, Dual 12 MP main cameras, TrueDepth 7 MP front camera, Apple A12 Bionic processor', 1399),
	(108, 108, 28, 4, 100, 1, 'https://www.buymobiles.net/files/images/handsets/samsung/a40-black-front-new.png', 'Samsung Galaxy A40 is an impressive and great value device that shoots creative photos and has plenty of power for mobile gaming or streaming. • 25-megapixel selfie camera • Large 3100 mAh battery • 5.9-inch Full HD+ Infinity-U display', 219),
	(109, 109, 7, 1, 22, 2, 'https://brain-images-ssl.cdn.dixons.com/8/6/10151568/u_10151568.jpg', 'iOS 10, 4.7" Retina HD display, 12 MP main camera, 7 MP front camera, Apple A10 Fusion processor', 409),
	(110, 110, 29, 1, 101, 1, 'https://www.buymobiles.net/files/images/handsets/apple/ipx-grey-front.png', 'This refurbished iPhone X is in excellent condition and comes with a minimum of six months remaining on the official Apple warranty. • Stunning all-screen design • Face ID for easy unlocking • Dual 12MP cameras and Animoji', 650),
	(111, 111, 22, 1, 102, 2, 'https://brain-images-ssl.cdn.dixons.com/5/8/10151585/u_10151585.jpg', 'Genuine Sim Free & Unlocked - No Network Branding, iOS 9, 4.7" Retina HD display, 12 MP main camera, 5 MP front camera', 289.97),
	(112, 112, 22, 1, 103, 2, 'https://brain-images-ssl.cdn.dixons.com/6/8/10151586/l_10151586.jpg', 'Genuine Sim Free & Unlocked - No Network Branding, iOS 9, 4.7" Retina HD display, 12 MP camera & 4K video recording, Apple A9 processor', 289.97),
	(113, 114, 22, 1, 104, 2, 'https://brain-images-ssl.cdn.dixons.com/7/8/10151587/l_10151587.jpg', 'Genuine Sim Free & Unlocked - No Network Branding, iOS 9, 4.7" Retina HD display, 12 MP camera & 4K video recording, Apple A9 processor', 289.97),
	(114, 113, 30, 4, 105, 1, 'https://www.buymobiles.net/files/images/handsets/samsung/a50-black-front.png', 'Get more for your money from the stylish, feature-packed Samsung Galaxy A50. With a large, all-screen design, this mobile is perfect for your games and entertainment. • Excellent clarity on a 6.4-inch Full HD+ display • Advanced on-screen fingerprint scanner • Triple camera for a wide range of photo results', 309),
	(115, 115, 22, 1, 78, 2, 'https://brain-images-ssl.cdn.dixons.com/8/8/10151588/l_10151588.jpg', 'Genuine Sim Free & Unlocked - No Network Branding, iOS 9, 4.7" Retina HD display, 12 MP camera & 4K video recording, Apple A9 processor', 289.97),
	(116, 116, 2, 1, 106, 2, 'https://brain-images-ssl.cdn.dixons.com/5/7/10168675/u_10168675.jpg', 'iOS 11, 4.7" Retina HD display, 12 MP main camera, 7 MP front camera, Apple A11 processor', 629),
	(117, 117, 31, 4, 107, 1, 'https://www.buymobiles.net/files/images/handsets/samsung/samsung-a80-black-front.png', 'A truly uninterrupted display makes Samsung Galaxy A80 one of the best mobiles for watching your entertainment. The front camera simply slides up from the back. • A rotating front and back camera slides up from the rear • Full view on a large 6.7-inch Full HD+ display • Fingerprint scanner integrated into the screen', 579),
	(118, 118, 2, 1, 108, 2, 'https://brain-images-ssl.cdn.dixons.com/6/7/10168676/u_10168676.jpg', 'iOS 11, 4.7" Retina HD display, 12 MP main camera, 7 MP front camera, Apple A11 processor', 629),
	(119, 119, 8, 1, 109, 2, 'https://brain-images-ssl.cdn.dixons.com/7/7/10168677/u_10168677.jpg', 'iOS 11, 5.5" Retina HD display, 12 MP main camera, 7 MP front camera, Apple A11 processor', 579),
	(120, 120, 8, 1, 30, 2, 'https://brain-images-ssl.cdn.dixons.com/8/7/10168678/u_10168678.jpg', 'iOS 11, 5.5" Retina HD display, 12 MP main camera, 7 MP front camera, Apple A11 processor', 579),
	(121, 121, 32, 4, 110, 1, 'https://www.buymobiles.net/files/images/handsets/samsung/a10-blue-front-new.png', '', 139),
	(122, 122, 8, 1, 111, 2, 'https://brain-images-ssl.cdn.dixons.com/9/7/10168679/u_10168679.jpg', 'iOS 11, 5.5" Retina HD display, 12 MP main camera, 7 MP front camera, Apple A11 processor', 579),
	(123, 123, 8, 1, 112, 2, 'https://brain-images-ssl.cdn.dixons.com/0/8/10168680/u_10168680.jpg', 'iOS 11, 5.5" Retina HD display, 12 MP main camera, 7 MP front camera, Apple A11 processor', 729),
	(124, 124, 8, 1, 113, 2, 'https://brain-images-ssl.cdn.dixons.com/1/8/10168681/u_10168681.jpg', 'iOS 11, 5.5" Retina HD display, 12 MP main camera, 7 MP front camera, Apple A11 processor', 729),
	(125, 125, 8, 1, 114, 2, 'https://brain-images-ssl.cdn.dixons.com/2/8/10168682/u_10168682.jpg', 'iOS 11, 5.5" Retina HD display, 12 MP main camera, 7 MP front camera, Apple A11 processor', 729),
	(126, 126, 33, 3, 115, 1, 'https://www.buymobiles.net/files/images/handsets/huawei/mate-20-x-front.png', 'Feast your eyes on the mobile phone made for gamers and entertainment, with its next-level performance and huge 7.2-inch Full HD+ display. • Beautiful display for gaming and media • Powerful performance for a smooth experience • Massive 5000 mAh battery for longer use', 599),
	(127, 127, 34, 7, 116, 1, 'https://www.buymobiles.net/files/images/handsets/cat/cat-s61-black-front.png', 'CAT S61 is the smartphone that helps get the job done, thanks to its handy tools and smart construction features. • Integrated thermal imaging camera • Laser assisted distance measure tool • Indoor air quality and temperature monitor', 799),
	(128, 128, 35, 3, 117, 1, 'https://www.buymobiles.net/files/images/handsets/huawei/huawei-mate-20-lite-black-front.png', 'Huawei Mate 20 Lite is a futuristic-looking mobile with smart, AI-powered cameras for top-notch photography. • Stunning 6.3-inch FHD+ display • Advanced cameras on the front and back • Turn yourself into an animated Qmojis', 299),
	(129, 129, 36, 3, 118, 1, 'https://www.buymobiles.net/files/images/handsets/huawei/huawei-p-smart-blue-front.png', 'Huawei P smart 2019 is an all-round fantastic device, with a stylish design that puts the focus on the display. Plus, it’s great-value for money. • Stylish and minimalist dewdrop notch display • Powerful camera with AI for better photos • Fast performance, ideal for mobile gaming', 215),
	(130, 130, 37, 1, 119, 1, 'https://www.buymobiles.net/files/images/handsets/apple/ip6s-rose-front-new.png', 'This refurbished iPhone 6s is in excellent condition and comes with a minimum of six months remaining on the official Apple warranty. • Crisp 4.7-inch Retina display • 12MP iSight camera with 4K video • Fingerprint scanner and Apple Pay', 319),
	(131, 131, 38, 1, 120, 1, 'https://www.buymobiles.net/files/images/handsets/apple/ip8-grey-front.png', 'This refurbished iPhone 8 is in excellent condition and comes with a minimum of six months remaining on the official Apple warranty. • Strong and stylish glass design • Fast and easy wireless charging1 • Amazing photos on a 12MP camera', 450),
	(132, 132, 39, 1, 121, 2, 'https://brain-images-ssl.cdn.dixons.com/3/8/10168683/u_10168683.jpg', 'iOS 11, 5.8" Super Retina Display, Dual 12 MP main cameras, 7 MP front camera, Apple A11 processor', 799),
	(133, 133, 39, 1, 122, 2, 'https://brain-images-ssl.cdn.dixons.com/4/8/10168684/u_10168684.jpg', 'iOS 11, 5.8" Super Retina Display, Dual 12 MP main cameras, 7 MP front camera, Apple A11 processor', 799),
	(134, 134, 39, 1, 123, 2, 'https://brain-images-ssl.cdn.dixons.com/5/8/10168685/u_10168685.jpg', 'iOS 11, 5.8" Super Retina Display, Dual 12 MP main cameras, 7 MP front camera, Apple A11 processor', 884),
	(135, 135, 40, 3, 124, 1, 'https://www.buymobiles.net/files/images/handsets/huawei/p20-front.png', 'Huawei P20 is one of the most stylish and powerful smartphones, with a large screen that’s great for entertainment. • Sharp 5.8-inch FullView HD+ display • Plenty of room with 128GB storage • 20MP and 12MP dual camera lenses', 399),
	(136, 136, 39, 1, 125, 2, 'https://brain-images-ssl.cdn.dixons.com/6/8/10168686/u_10168686.jpg', 'iOS 11, 5.8" Super Retina Display, Dual 12 MP main cameras, 7 MP front camera, Apple A11 processor', 884),
	(137, 137, 2, 1, 126, 2, 'https://brain-images-ssl.cdn.dixons.com/1/4/10168741/u_10168741.jpg', 'iOS 11, 4.7" Retina HD display, 12 MP main camera, 7 MP front camera, Apple A11 processor', 479),
	(138, 138, 2, 1, 2, 2, 'https://brain-images-ssl.cdn.dixons.com/2/4/10168742/u_10168742.jpg', 'iOS 11, 4.7" Retina HD display, 12 MP main camera, 7 MP front camera, Apple A11 processor', 479),
	(139, 139, 2, 1, 127, 2, 'https://brain-images-ssl.cdn.dixons.com/3/4/10168743/u_10168743.jpg', 'iOS 11, 4.7" Retina HD display, 12 MP main camera, 7 MP front camera, Apple A11 processor', 479),
	(140, 140, 41, 4, 128, 1, 'https://www.buymobiles.net/files/images/handsets/samsung/a20e-black-front-new.png', 'Get even more for your money from the amazing value Samsung Galaxy A20e, which boasts the modern design of a top-end mobile with quality specs, too. • HD+ graphics on a full view 5.8-inch display • 13MP + 5MP dual rear camera for sharp shots • Creative selfie features to light up your Instagram', 179),
	(141, 141, 2, 1, 129, 2, 'https://brain-images-ssl.cdn.dixons.com/4/4/10168744/u_10168744.jpg', 'iOS 11, 4.7" Retina HD display, 12 MP main camera, 7 MP front camera, Apple A11 processor', 629),
	(142, 142, 26, 5, 130, 2, 'https://brain-images-ssl.cdn.dixons.com/9/1/10193119/u_10193119.jpg', 'Android 9 (Pie), 5.6" Full HD+ AMOLED touchscreen, 12.2 MP main camera, 8 MP front camera, Battery capacity: 3000 mAh', 399),
	(143, 143, 26, 5, 131, 2, 'https://brain-images-ssl.cdn.dixons.com/0/2/10193120/u_10193120.jpg', 'Android 9 (Pie), 12.2 MP main camera, 8 MP front camera, Battery capacity: 3000 mAh, Snapdragon 670 processor', 399),
	(144, 144, 26, 5, 132, 2, 'https://brain-images-ssl.cdn.dixons.com/1/2/10193121/u_10193121.jpg', 'Android 9 (Pie), 5.6" Full HD+ AMOLED touchscreen, 12.2 MP main camera, 8 MP front camera, Battery capacity: 3000 mAh', 399),
	(145, 145, 42, 1, 133, 1, 'https://www.buymobiles.net/files/images/handsets/apple/ip7-rose-front.png', 'This refurbished iPhone 7 is in excellent condition and comes with a minimum of six months remaining on the official Apple warranty. • 12MP wide-angle and telephoto cameras • 4.7-inch Retina HD display • A10 Fusion chip for a speedy performance', 319),
	(146, 146, 43, 5, 134, 2, 'https://brain-images-ssl.cdn.dixons.com/3/7/10193173/u_10193173.jpg', 'Android 9 (Pie), 6" Full HD+ AMOLED touchscreen, 12.2 MP main camera, 8 MP front camera, Battery capacity: 3700 mAh', 469),
	(147, 147, 43, 5, 135, 2, 'https://brain-images-ssl.cdn.dixons.com/4/7/10193174/u_10193174.jpg', 'Android 9 (Pie), 6" Full HD+ AMOLED touchscreen, 12.2 MP main camera, 8 MP front camera, Battery capacity: 3700 mAh', 469),
	(148, 148, 44, 5, 136, 2, 'https://brain-images-ssl.cdn.dixons.com/0/9/10183990/u_10183990.jpg', 'Android 9 (Pie), 6.3" Full HD pOLED touchscreen, 12 MP camera & 4K video recording, 8 MP front camera, Battery capacity: 3430 mAh', 969),
	(149, 149, 44, 5, 137, 2, 'https://brain-images-ssl.cdn.dixons.com/1/9/10183991/u_10183991.jpg', 'Android 9 (Pie), 6.3" Full HD pOLED touchscreen, 12 MP camera & 4K video recording, 8 MP front camera, Battery capacity: 3430 mAh', 969.97),
	(150, 150, 44, 5, 138, 2, 'https://brain-images-ssl.cdn.dixons.com/2/9/10183992/u_10183992.jpg', 'Android 9 (Pie), 6.3" Full HD pOLED touchscreen, 12 MP camera & 4K video recording, 8 MP front camera, Battery capacity: 3430 mAh', 869),
	(151, 151, 45, 8, 139, 1, 'https://www.buymobiles.net/files/images/handsets/honor/honor-view20-sapphire-blue-front.png', 'Honor View 20 is one of the most stylish mobiles around, with an all-screen design and jazzy colour effects. Plus, you get great value for your money. • Snazzy all-screen design with small camera cut-out • Whopping 48MP camera with clever AI features • A very generous 128GB storage as standard', 349),
	(152, 152, 44, 5, 140, 2, 'https://brain-images-ssl.cdn.dixons.com/3/9/10183993/u_10183993.jpg', 'Android 9 (Pie), 6.3" Full HD pOLED touchscreen, 12 MP camera & 4K video recording, 8 MP front camera, Battery capacity: 3430 mAh', 869),
	(153, 153, 44, 5, 141, 2, 'https://brain-images-ssl.cdn.dixons.com/4/9/10183994/u_10183994.jpg', 'Android 9 (Pie), 6.3" Full HD pOLED touchscreen, 12 MP camera & 4K video recording, 8 MP front camera, Battery capacity: 3430 mAh', 869),
	(154, 154, 46, 5, 142, 2, 'https://brain-images-ssl.cdn.dixons.com/5/9/10183995/u_10183995.jpg', 'Android 9 (Pie), 5.5" Full HD Super AMOLED touchscreen, 12 MP camera & 4K video recording, 8 MP front camera, Battery capacity: 3430 mAh', 839),
	(155, 155, 46, 5, 143, 2, 'https://brain-images-ssl.cdn.dixons.com/9/9/10183999/u_10183999.jpg', 'Android 9 (Pie), 5.5" Full HD Super AMOLED touchscreen, 12 MP camera & 4K video recording, 8 MP front camera, Battery capacity: 2915 mAh', 739),
	(156, 156, 47, 7, 144, 1, 'https://www.buymobiles.net/files/images/handsets/cat/cat-s41-front.png', 'CAT S41 is a rugged yet capable smartphone, that offers protection from dust, water and drops. • Incredible battery life (5000 mAh) • Water and dust-resistant, drop proof. • Bright 5-inch Full HD display', 329),
	(157, 157, 48, 8, 145, 2, 'https://brain-images-ssl.cdn.dixons.com/8/0/10194508/u_10194508.jpg', 'Android 9 (Pie), 6.2" Full HD+ LTPS touchscreen, Quad 48 MP / 16 MP / 2 MP / 2 MP main cameras, 32 MP front camera, Battery capacity: 3750 mAh', 369.99),
	(158, 158, 49, 8, 146, 2, 'https://brain-images-ssl.cdn.dixons.com/5/5/10190955/u_10190955.jpg', 'Android 9 (Pie), 6" HD touchscreen, 13 MP main camera, 8 MP front camera, Battery capacity: 3020 mAh', 139.99),
	(159, 159, 50, 8, 147, 2, 'https://brain-images-ssl.cdn.dixons.com/1/6/10190561/u_10190561.jpg', 'Android 9 (Pie), 6.4" Full HD+ IPS LCD touchscreen, 48 MP main camera, 25 MP front camera, Battery capacity: 4000 mAh', 449.99),
	(160, 160, 43, 5, 148, 1, 'https://www.buymobiles.net/files/images/handsets/google/pixel-3axl-black-front.png', 'Google Pixel 3a XL gives you everything you need in a mobile phone, like a top-rate camera and large Full HD+ display, at a fraction of the price you’d expect. • Advanced 12.2MP dual-pixel camera • Immersive 6-inch Full HD+ display • Do more with up to 30 hours of battery', 469),
	(161, 161, 51, 8, 149, 2, 'https://brain-images-ssl.cdn.dixons.com/7/7/10197877/u_10197877.jpg', 'Android 9 (Pie), 6.2" Full HD+ LTPS touchscreen, Quad 48 MP / 16 MP / 8 MP / 2 MP main cameras, 32 MP front camera, Battery capacity: 4000 mAh', 549.99),
	(162, 162, 48, 8, 150, 2, 'https://brain-images-ssl.cdn.dixons.com/9/9/10195299/u_10195299.jpg', 'Android 9 (Pie), 6.2" Full HD+ LTPS touchscreen, Quad 48 MP / 16 MP / 2 MP / 2 MP main cameras, 32 MP front camera, Battery capacity: 3750 mAh', 369.99),
	(163, 163, 52, 8, 151, 2, 'https://brain-images-ssl.cdn.dixons.com/4/0/10193704/u_10193704.jpg', 'Android 9 (Pie), 6.2" Full HD+ LCD touchscreen, Triple 24 MP / 8 MP / 2 MP main cameras, 32 MP front camera, Battery capacity: 3400 mAh', 219.99),
	(164, 164, 53, 6, 152, 1, 'https://www.buymobiles.net/files/images/handsets/sony/sony-z10-plus-black-front.png', 'Sony Xperia 10 Plus is a large-screen phone that’s all about media and entertainment on-the-go, and it’s yours at a fantastic price. • Large 6.5-inch Full HD+ display for movies • Dual main camera with Bokeh effect • Long-lasting battery with Smart Stamina', 349),
	(165, 165, 52, 8, 153, 2, 'https://brain-images-ssl.cdn.dixons.com/9/1/10193719/u_10193719.jpg', 'Android 9 (Pie), 6.2" Full HD+ LCD touchscreen, Triple 24 MP / 8 MP / 2 MP main cameras, 32 MP front camera, Battery capacity: 3400 mAh', 219.99),
	(166, 166, 50, 8, 154, 2, 'https://brain-images-ssl.cdn.dixons.com/1/4/10190741/l_10190741.jpg', 'Android 9 (Pie), 6.4" Full HD+ IPS LCD touchscreen, 48 MP main camera, 25 MP front camera, Battery capacity: 4000 mAh', 349.99),
	(167, 167, 50, 8, 155, 2, 'https://brain-images-ssl.cdn.dixons.com/2/4/10190742/u_10190742.jpg', 'Android 9 (Pie), 6.4" Full HD+ IPS LCD touchscreen, 48 MP main camera, 25 MP front camera, Battery capacity: 4000 mAh', 349.99),
	(168, 168, 48, 8, 156, 1, 'https://www.buymobiles.net/files/images/handsets/honor/honor-20-sapphire-blue-front.png', 'Honor 20 is easily one of the best camera phones for its price, equipped with a powerful quadruple camera that’s ready for every occasion. • All-screen design with a 6.26-inch Full HD+ display • Advanced quadruple camera for creative photography • Charge up to 50% battery in as little as 30 minutes', 369),
	(169, 169, 54, 8, 157, 2, 'https://brain-images-ssl.cdn.dixons.com/9/8/10195089/u_10195089.jpg', 'Android 9 (Pie), 5.7" HD+ LCD touchscreen, 13 MP main camera, 5 MP front camera, Battery capacity: 3020 mAh', 99.99),
	(170, 170, 55, 8, 158, 2, 'https://brain-images-ssl.cdn.dixons.com/6/8/10183986/u_10183986.jpg', 'Android 9 (Pie), 6.2" Full HD+ IPS LCD touchscreen, Dual 13 MP / 2 MP main cameras, 24 MP front camera, Battery capacity: 3400 mAh', 179.99),
	(171, 171, 55, 8, 159, 2, 'https://brain-images-ssl.cdn.dixons.com/0/9/10178690/u_10178690.jpg', 'Android 9 (Pie), 6.2" Full HD+ IPS LCD touchscreen, Dual 13 MP / 2 MP main cameras, 24 MP front camera, Battery capacity: 3400 mAh', 179.99),
	(172, 172, 56, 3, 160, 1, 'https://www.buymobiles.net/files/images/handsets/huawei/y7-2019-coral-front.png', 'A stylish and modern mobile phone for anyone on a budget - you really do get a lot for your money from Huawei Y7 2019. • Wide 6.26-inch HD+ display with a simple Dewdrop • Auto-enhancing selfies and a dual main camera • Long performance from a large 4000 mAh battery', 179),
	(173, 173, 24, 3, 161, 2, 'https://brain-images-ssl.cdn.dixons.com/6/6/10186166/u_10186166.jpg', 'Android 9 (Pie), 6.1" Full HD+ LCD touchscreen, Triple 48 MP / 8 MP / 2 MP main cameras, 24 MP front camera, Battery capacity: 3340 mAh', 279),
	(174, 174, 57, 3, 162, 2, 'https://brain-images-ssl.cdn.dixons.com/8/6/10186168/u_10186168.jpg', 'Android 9 (Pie), 6.4" Full HD+ OLED touchscreen, Triple 40 MP / 20 MP / 8 MP main cameras, 24 MP front camera, Battery capacity: 4200 mAh', 799),
	(175, 175, 57, 3, 163, 2, 'https://brain-images-ssl.cdn.dixons.com/9/6/10186169/u_10186169.jpg', 'Android 9 (Pie), 6.4" Full HD+ OLED touchscreen, Triple 40 MP / 20 MP / 8 MP main cameras, 24 MP front camera, Battery capacity: 4200 mAh', 799),
	(176, 176, 57, 3, 164, 2, 'https://brain-images-ssl.cdn.dixons.com/0/7/10186170/u_10186170.jpg', 'Android 9 (Pie), 6.4" Full HD+ OLED touchscreen, Triple 40 MP / 20 MP / 8 MP main cameras, 24 MP front camera, Battery capacity: 4200 mAh', 799),
	(177, 177, 57, 3, 165, 2, 'https://brain-images-ssl.cdn.dixons.com/1/7/10186171/u_10186171.jpg', 'Android 9 (Pie), 6.4" Full HD+ OLED touchscreen, Triple 40 MP / 20 MP / 8 MP main cameras, 24 MP front camera, Battery capacity: 4200 mAh', 1099),
	(178, 178, 17, 3, 62, 2, 'https://brain-images-ssl.cdn.dixons.com/2/7/10186172/u_10186172.jpg', 'Android 9 (Pie), 6.1" Full HD OLED touchscreen, Triple 40 MP / 20 MP / 8 MP main cameras, 32 MP front camera, Battery capacity: 3650 mAh', 549),
	(179, 179, 58, 6, 166, 1, 'https://www.buymobiles.net/files/images/handsets/sony/sony-z10-blue-front.png', 'Sony Xperia 10 is a big-screen phone that’s perfect for entertainment lovers, available at an amazing price. • Large 6-inch Full HD+ display for movies • Dual main camera with Bokeh effect • Long-lasting battery with Smart Stamina', 299),
	(180, 180, 17, 3, 167, 2, 'https://brain-images-ssl.cdn.dixons.com/3/7/10186173/u_10186173.jpg', 'Android 9 (Pie), 6.1" Full HD OLED touchscreen, Triple 40 MP / 20 MP / 8 MP main cameras, 32 MP front camera, Battery capacity: 3650 mAh', 549),
	(181, 181, 17, 3, 168, 2, 'https://brain-images-ssl.cdn.dixons.com/4/7/10186174/u_10186174.jpg', 'Android 9 (Pie), 6.1" Full HD OLED touchscreen, Triple 40 MP / 20 MP / 8 MP main cameras, 32 MP front camera, Battery capacity: 3650 mAh', 549),
	(182, 182, 24, 3, 85, 2, 'https://brain-images-ssl.cdn.dixons.com/5/7/10186175/u_10186175.jpg', 'Android 9 (Pie), 6.1" Full HD+ LCD touchscreen, Triple 48 MP / 8 MP / 2 MP main cameras, 24 MP front camera, Battery capacity: 3340 mAh', 279),
	(183, 183, 24, 3, 169, 2, 'https://brain-images-ssl.cdn.dixons.com/6/7/10186176/u_10186176.jpg', 'Android 9 (Pie), 6.1" Full HD+ LCD touchscreen, Triple 48 MP / 8 MP / 2 MP main cameras, 24 MP front camera, Battery capacity: 3340 mAh', 279),
	(184, 184, 59, 3, 170, 2, 'https://brain-images-ssl.cdn.dixons.com/2/5/10191152/u_10191152.jpg', 'Android 9 (Pie), 6.2" Full HD+ LCD touchscreen, Dual 13 MP / 2 MP main cameras, 8 MP front camera, Battery capacity: 3400 mAh', 179.99),
	(185, 185, 33, 3, 171, 2, 'https://brain-images-ssl.cdn.dixons.com/5/4/10191045/u_10191045.jpg', 'Android 9 (Pie), 7.2" Full HD+ AMOLED touchscreen, Triple 40 MP / 20 MP / 8 MP main cameras, 24 MP front camera, Battery capacity: 5000 mAh', 599.99),
	(186, 186, 60, 8, 172, 1, 'https://www.buymobiles.net/files/images/handsets/honor/honor-view20-phantom-blue-front.png', 'Honor View 20 is one of the most stylish mobiles around, with an all-screen design and jazzy colour effects. Plus, you get great value for your money. • Snazzy all-screen design with small camera cut-out • Whopping 48MP camera with clever AI features • A very generous 128GB storage as standard', 579),
	(187, 187, 59, 3, 173, 2, 'https://brain-images-ssl.cdn.dixons.com/1/4/10191041/u_10191041.jpg', 'Android 9 (Pie), 6.2" Full HD+ LCD touchscreen, Dual 13 MP / 2 MP main cameras, 8 MP front camera, Battery capacity: 3400 mAh', 179.99),
	(188, 188, 18, 3, 63, 2, 'https://brain-images-ssl.cdn.dixons.com/4/8/10183984/u_10183984.jpg', 'Android 9 (Pie), 6.4" AMOLED touchscreen, Triple 40 MP / 20 MP / 8 MP main cameras, 24 MP front camera, Battery capacity: 4200 mAh', 499.99),
	(189, 189, 61, 3, 174, 1, 'https://www.buymobiles.net/files/images/handsets/huawei/mate-20-front.png', 'Huawei Mate 20 is full of advanced technology, like the professional-standard Leica camera and its fast-charging capabilities. • Leica Triple Camera for amazing photos • Large, 6.53-inch crystal-clear Full HD+ display • Charge 58% battery in just 30 minutes', 699),
	(190, 190, 18, 3, 175, 2, 'https://brain-images-ssl.cdn.dixons.com/5/8/10183985/u_10183985.jpg', 'Android 9 (Pie), 6.4" AMOLED touchscreen, Triple 40 MP / 20 MP / 8 MP main cameras, 24 MP front camera, Battery capacity: 4200 mAh', 499.99),
	(191, 191, 35, 3, 176, 2, 'https://brain-images-ssl.cdn.dixons.com/1/0/10184001/u_10184001.jpg', 'Android 8.1 (Oreo), 6.3" IPS LCD touchscreen, Dual 20 MP / 2 MP main cameras, Dual 24 MP / 2 MP front cameras, Battery capacity: 3750 mAh', 199.99),
	(192, 192, 62, 9, 177, 1, 'https://www.buymobiles.net/files/images/handsets/nokia/nokia-1-plus-blue-front.png', 'Looking for a low-cost smartphone that’s got all the essential features you need? Nokia 1 Plus is a budget beauty that won’t disappoint. • Bright 5.45-inch display for enjoying photos and video • Polycarbonate shell for extra durability against bumps • Beautifying selfie feature for enhanced photos', 72.99),
	(193, 193, 35, 3, 117, 2, 'https://brain-images-ssl.cdn.dixons.com/2/0/10184002/u_10184002.jpg', 'Android 8.1 (Oreo), 6.3" IPS LCD touchscreen, Dual 20 MP / 2 MP main cameras, Dual 24 MP / 2 MP front cameras, Battery capacity: 3750 mAh', 199.99),
	(194, 194, 63, 6, 178, 1, 'https://www.buymobiles.net/files/images/handsets/sony/sony-l3-silver-front.png', 'A sleek and stylish Sony smartphone, with a powerful dual camera and a large HD+ display. Yours at an affordable price. • 13MP & 2MP dual camera system • Large 5.7-inch HD+ display • Integrated fingerprint reader', 169),
	(195, 195, 64, 10, 179, 1, 'https://www.buymobiles.net/files/images/handsets/doro/doro-8035.png', 'All the enjoyment and possibilities of a modern smartphone, just in a more understandable and simple way. • GPS navigation for ease • Remote device management • Built-in coach for assistance', 149),
	(196, 196, 55, 8, 180, 1, 'https://www.buymobiles.net/files/images/handsets/honor/honor-10lite-blue-front.png', 'An affordable but stylish and feature-packed mobile that’s perfect for younger users. • Large display, perfect for watching videos • Selfie camera with clever beauty features • Powerful performance, perfect for playing games', 209),
	(197, 197, 65, 11, 181, 1, 'https://www.buymobiles.net/files/images/handsets/moto/g7-power-front.png', 'Moto G7 Power boasts one of the best batteries in the business, offering up to a massive 60 hours on a single charge! • Go days without charging thanks to a huge battery • Enjoy video content and apps on the 6.2-inch display • Squeeze all your friends in with group selfie mode', 179),
	(198, 198, 66, 12, 182, 1, 'https://www.buymobiles.net/files/images/handsets/oppo/oppo-find-x-blue.png', 'You’re in for a premium experience on the stunning Oppo Find X, which sports a full-screen design and stealthy camera setup. • Superb clarity on a 6.4-inch Full HD+ display • Slide to reveal the stealthy front-facing camera • A massive 256GB storage for all your apps and photos', 749),
	(199, 199, 52, 8, 153, 1, 'https://www.buymobiles.net/files/images/handsets/honor/honor-20-lite-blue-front.png', 'A seriously good-value mobile phone with top features like a 32-megapixel selfie camera and a massive 128GB of storage. • Mirror glass design that changes colour at different angles • Over 90% screen-to-body ratio for more immersive viewing • Advanced selfie camera with beautifying features', 249),
	(200, 200, 12, 3, 47, 2, 'https://brain-images-ssl.cdn.dixons.com/5/2/10175425/u_10175425.jpg', 'Android 8.0 (Oreo), 6.1" Full HD OLED touchscreen, Dual 40 MP / 20 MP main cameras, Dual 24 MP / 8 MP front cameras, Battery capacity: 4000 mAh', 399.99),
	(201, 201, 12, 3, 183, 2, 'https://brain-images-ssl.cdn.dixons.com/6/2/10175426/u_10175426.jpg', 'Android 8.0 (Oreo), 6.1" Full HD OLED touchscreen, Triple 40 MP / 20 MP / 8 MP main cameras, 24 MP front camera, Battery capacity: 4000 mAh', 399.99),
	(202, 202, 67, 13, 184, 2, 'https://brain-images-ssl.cdn.dixons.com/2/1/10181412/u_10181412.jpg', 'Android 8.1 (Oreo), 5.3" Max Vision LCD touchscreen, 8 MP main camera, 5 MP front camera, Battery capacity: 2100 mAh', 79.99),
	(203, 203, 65, 13, 181, 2, 'https://brain-images-ssl.cdn.dixons.com/0/9/10190890/u_10190890.jpg', 'Android 9 (Pie), 6.2" HD IPS LCD touchscreen, 12 MP main camera, 8 MP front camera, Battery capacity: 5000 mAh', 159.99),
	(204, 204, 65, 13, 185, 2, 'https://brain-images-ssl.cdn.dixons.com/0/8/10190980/u_10190980.jpg', 'Android 9 (Pie), 6.2" HD IPS LCD touchscreen, 12 MP main camera, 8 MP front camera, Battery capacity: 5000 mAh', 159.99),
	(205, 205, 68, 13, 186, 2, 'https://brain-images-ssl.cdn.dixons.com/4/7/10196774/u_10196774.jpg', 'Android 9 (Pie), 5.7" HD+ IPS LCD touchscreen, 13 MP camera & 4K video recording, 8 MP front camera, Battery capacity: 3000 mAh', 129.99),
	(206, 206, 69, 13, 187, 2, 'https://brain-images-ssl.cdn.dixons.com/1/9/10190891/u_10190891.jpg', 'Android 9 (Pie), 6.2" Full HD+ LCD touchscreen, Dual 16 MP / 5 MP main cameras, 12 MP front camera, Battery capacity: 3000 mAh', 219.99),
	(207, 207, 69, 13, 188, 2, 'https://brain-images-ssl.cdn.dixons.com/2/9/10190892/u_10190892.jpg', 'Android 9 (Pie), 6.2" Full HD+ LCD touchscreen, Dual 16 MP / 5 MP main cameras, 12 MP front camera, Battery capacity: 3000 mAh', 219.99),
	(208, 208, 70, 9, 189, 2, 'https://brain-images-ssl.cdn.dixons.com/8/2/10197228/u_10197228.jpg', 'Android 9 (Pie), 5.7" HD+ LCD touchscreen, Dual 13 MP / 2 MP main cameras, 8 MP front camera, Battery capacity: 3000 mAh', 149.99),
	(209, 209, 71, 9, 190, 2, 'https://brain-images-ssl.cdn.dixons.com/9/2/10197229/u_10197229.jpg', 'Android 9 (Pie), 5.7" HD+ LCD touchscreen, 13 MP camera & Full HD recording, 5 MP front camera, Battery capacity: 3000 mAh', 99.99),
	(210, 210, 62, 9, 191, 2, 'https://brain-images-ssl.cdn.dixons.com/8/4/10193448/u_10193448.jpg', 'Android 9 (Pie), 5.4" LCD touchscreen, 8 MP main camera, 5 MP front camera, Battery capacity: 2500 mAh', 79.99),
	(211, 211, 72, 14, 192, 1, 'https://www.buymobiles.net/files/images/handsets/xiaomi/xiaomi-pocophone-f1-black.png', 'Xiaomi Pocophone F1 was made for gaming. It’s the master of speed thanks to its powerful and efficient processor, not to mention a huge, long-lasting battery. • Advanced Qualcomm Snapdragon 845 processor • 4000 mAh battery for added endurance • Dual 12MP + 5MP camera with great low-light performance', 349),
	(212, 212, 62, 9, 193, 2, 'https://brain-images-ssl.cdn.dixons.com/9/4/10193449/u_10193449.jpg', 'Android 9 (Pie), 5.4" LCD touchscreen, 8 MP main camera, 5 MP front camera, Battery capacity: 2500 mAh', 79.99),
	(213, 213, 62, 9, 177, 2, 'https://brain-images-ssl.cdn.dixons.com/2/5/10192752/u_10192752.jpg', 'Android 9 (Pie), 5.4" LCD touchscreen, 8 MP main camera, 5 MP front camera, Battery capacity: 2500 mAh', 79.99),
	(214, 214, 70, 9, 194, 2, 'https://brain-images-ssl.cdn.dixons.com/5/4/10198345/u_10198345.jpg', 'Android 9 (Pie), 5.7" HD+ LCD touchscreen, Dual 13 MP / 2 MP main cameras, 8 MP front camera, Battery capacity: 3000 mAh', 149.99),
	(215, 215, 73, 12, 195, 2, 'https://brain-images-ssl.cdn.dixons.com/8/7/10194778/u_10194778.jpg', 'Android 9 (Pie), 6.4" Full HD+ AMOLED touchscreen, Dual 48 MP / 5 MP main cameras, 16 MP front camera, Battery capacity: 3765 mAh', 399.99),
	(216, 216, 74, 2, 196, 1, 'https://www.buymobiles.net/files/images/handsets/alcatel/alcatel-a1-black-front.png', 'Alcatel 1 gives you great value with a large display on a simple design. No fuss, just what you need. • Full view 5-inch display • Advanced fingerprint scanner • Powerful 13-megapixel camera', 69),
	(217, 217, 75, 12, 197, 2, 'https://brain-images-ssl.cdn.dixons.com/5/7/10195175/u_10195175.jpg', 'Android 9 (Pie), 6.6" Full HD+ AMOLED touchscreen, Triple 48 MP / 8 MP / 13 MP main cameras, 16 MP front camera, Battery capacity: 4065 mAh', 699.99),
	(218, 218, 66, 12, 198, 2, 'https://brain-images-ssl.cdn.dixons.com/8/4/10191148/u_10191148.jpg', 'Android 8.1 (Oreo), 6.4" Full HD AMOLED touchscreen, Dual 20 MP / 16 MP main cameras, 25 MP front camera, Snapdragon 845 processor', 649),
	(219, 219, 76, 12, 199, 2, 'https://brain-images-ssl.cdn.dixons.com/9/4/10191149/u_10191149.jpg', 'Android 8.1 (Oreo), 6.4" Full HD AMOLED touchscreen, Dual 20 MP / 12 MP main cameras, 25 MP front camera, 2.2 GHz octa-core processor', 359),
	(220, 220, 77, 12, 200, 2, 'https://brain-images-ssl.cdn.dixons.com/1/5/10191151/u_10191151.jpg', 'Android 8.1 (Oreo), 6.4" Full HD AMOLED touchscreen, Dual 16 MP / 2 MP main cameras, 25 MP front camera, Battery capacity: 3500 mAh', 224.99),
	(221, 221, 76, 12, 201, 2, 'https://brain-images-ssl.cdn.dixons.com/3/6/10191163/u_10191163.jpg', 'Android 8.1 (Oreo), 6.4" Full HD AMOLED touchscreen, Dual 20 MP / 12 MP main cameras, 25 MP front camera, 2.2 GHz octa-core processor', 359.99),
	(222, 222, 73, 12, 202, 2, 'https://brain-images-ssl.cdn.dixons.com/1/5/10194651/u_10194651.jpg', 'Android 9 (Pie), 6.4" Full HD+ AMOLED touchscreen, Dual 48 MP / 5 MP main cameras, 16 MP front camera, Battery capacity: 3765 mAh', 399.99),
	(223, 223, 78, 15, 203, 1, 'https://www.buymobiles.net/files/images/handsets/blackberry/blackberry-dtek50-black.png', 'A secure BlackBerry smartphone, powered by Android, complete with a Full HD touchscreen. • Scratch-resistant 5.2-inch FHD display • 13MP camera with auto-focus • Room for a 200GB microSD card', 219),
	(224, 224, 75, 12, 204, 2, 'https://brain-images-ssl.cdn.dixons.com/9/3/10194639/u_10194639.jpg', 'Android 9 (Pie), 6.6" Full HD+ AMOLED touchscreen, Triple 48 MP / 8 MP / 13 MP main cameras, 16 MP front camera, Battery capacity: 4065 mAh', 699.99),
	(225, 225, 79, 16, 205, 2, 'https://brain-images-ssl.cdn.dixons.com/6/8/10196186/u_10196186.jpg', 'Android 8.1 (Oreo), 5.7" Quad HD LCD touchscreen, Dual 12 MP main cameras, 8 MP front camera, Battery capacity: 4000 mAh', 399.99),
	(226, 226, 13, 4, 206, 2, 'https://brain-images-ssl.cdn.dixons.com/5/1/10181415/u_10181415.jpg', 'Android 8.1 (Oreo), 6.4" AMOLED touchscreen, Dual 12 MP main cameras, 8 MP front camera, Battery capacity: 4000 mAh', 899.99),
	(227, 227, 13, 4, 207, 2, 'https://brain-images-ssl.cdn.dixons.com/7/1/10181417/u_10181417.jpg', 'Android 8.1 (Oreo), 6.4" AMOLED touchscreen, Dual 12 MP main cameras, 8 MP front camera, Battery capacity: 4000 mAh', 649.99),
	(228, 228, 13, 4, 208, 2, 'https://brain-images-ssl.cdn.dixons.com/8/1/10181418/u_10181418.jpg', 'Android 8.1 (Oreo), 6.4" AMOLED touchscreen, Dual 12 MP main cameras, 8 MP front camera, Battery capacity: 4000 mAh', 649.99),
	(229, 229, 13, 4, 209, 2, 'https://brain-images-ssl.cdn.dixons.com/9/1/10181419/u_10181419.jpg', 'Android 8.1 (Oreo), 6.4" AMOLED touchscreen, Dual 12 MP main cameras, 8 MP front camera, Battery capacity: 4000 mAh', 649.99),
	(230, 230, 19, 4, 210, 2, 'https://brain-images-ssl.cdn.dixons.com/0/4/10193440/u_10193440.jpg', 'Android 9 (Pie), 6.7" Full HD+ AMOLED touchscreen, Triple 32 MP / 8 MP / 5 MP main cameras, 32 MP front camera, Battery capacity: 4500 mAh', 369.99),
	(231, 231, 21, 4, 211, 2, 'https://brain-images-ssl.cdn.dixons.com/2/3/10197432/u_10197432.jpg', 'Android 9 (Pie), 6.3" Full HD+ Super AMOLED touchscreen, Triple 16 MP / 12 MP / 12 MP main cameras, 10 MP front camera, Battery capacity: 3500 mAh', 869.99),
	(232, 232, 80, 4, 83, 2, 'https://brain-images-ssl.cdn.dixons.com/1/4/10197441/u_10197441.jpg', 'Android 9 (Pie), 6.8" Quad HD+ Dynamic AMOLED touchscreen, Triple 16 MP / 12 MP / 12 MP main cameras, 10 MP front camera, Battery capacity: 4300 mAh', 999.99),
	(233, 233, 21, 4, 74, 2, 'https://brain-images-ssl.cdn.dixons.com/9/5/10197459/u_10197459.jpg', 'Android 9 (Pie), 6.3" Full HD+ Super AMOLED touchscreen, Triple 16 MP / 12 MP / 12 MP main cameras, 10 MP front camera, Battery capacity: 3500 mAh', 869.99),
	(234, 234, 81, 4, 212, 2, 'https://brain-images-ssl.cdn.dixons.com/3/6/10197463/u_10197463.jpg', 'Android 9 (Pie), 6.8" Quad HD+ Dynamic AMOLED touchscreen, Triple 16 MP / 12 MP / 12 MP main cameras, 10 MP front camera, Battery capacity: 4300 mAh', 1199.99),
	(235, 235, 82, 8, 213, 1, 'https://www.buymobiles.net/files/images/handsets/honor/honor-10-blue-front.png', 'Honor 10 is a stylish smartphone with a trendy notch. It’s built to take amazing photos with minimal effort. • Advanced 24MP AI camera for amazing photos • Large, edge-to-edge display gives amazing visuals • Comes with a massive 128GB of storage', 349),
	(236, 236, 16, 4, 214, 2, 'https://brain-images-ssl.cdn.dixons.com/7/4/10190347/u_10190347.jpg', 'Android 9 (Pie), 5.8" Full HD+ Dynamic AMOLED touchscreen, Dual 16 MP / 12 MP main cameras, 10 MP front camera, Battery capacity: 3100 mAh', 669),
	(237, 237, 16, 4, 215, 2, 'https://brain-images-ssl.cdn.dixons.com/8/4/10190348/u_10190348.jpg', 'Android 9 (Pie), 5.8" Full HD+ Dynamic AMOLED touchscreen, Dual 16 MP / 12 MP main cameras, 10 MP front camera, Battery capacity: 3100 mAh', 669),
	(238, 238, 16, 4, 216, 2, 'https://brain-images-ssl.cdn.dixons.com/9/4/10190349/u_10190349.jpg', 'Android 9 (Pie), 5.8" Full HD+ Dynamic AMOLED touchscreen, Dual 16 MP / 12 MP main cameras, 10 MP front camera, Battery capacity: 3100 mAh', 669),
	(239, 239, 51, 8, 217, 1, 'https://www.buymobiles.net/files/images/handsets/honor/honor-20-pro-black-front.png', 'Honor 20 Pro combines a pro-like photography setup with a unique design, creating a mobile phone that anyone would be proud to own. • Quad-lens camera for photos in all settings • Holographic design changes colour in different lights • FullView Display for more immersive videos and games', 549),
	(240, 240, 16, 4, 218, 2, 'https://brain-images-ssl.cdn.dixons.com/0/5/10190350/u_10190350.jpg', 'Android 9 (Pie), 5.8" Full HD+ Dynamic AMOLED touchscreen, Dual 16 MP / 12 MP main cameras, 10 MP front camera, Battery capacity: 3100 mAh', 669),
	(241, 241, 83, 4, 219, 2, 'https://brain-images-ssl.cdn.dixons.com/1/5/10190351/u_10190351.jpg', 'Android 9 (Pie), 6.1" Wide Quad HD+ Dynamic AMOLED touchscreen, Triple 16 MP / 12 MP / 12 MP main cameras, 10 MP front camera, Battery capacity: 3400 mAh', 799),
	(242, 242, 54, 8, 157, 1, 'https://www.buymobiles.net/files/images/handsets/honor/honor-8s-black-front.png', 'See more on the amazing value Honor 8S that sports a beautiful 5.71-inch FullView DewDrop Display, designed for enhancing your videos, photos and games. • All-screen experience on large edge-to-edge display • Facial recognition technology for unlocking easily • Get up to a whole day of use from the 3020 mAh battery', 99),
	(243, 243, 83, 4, 220, 2, 'https://brain-images-ssl.cdn.dixons.com/2/5/10190352/u_10190352.jpg', 'Android 9 (Pie), 6.1" Wide Quad HD+ Dynamic AMOLED touchscreen, Triple 16 MP / 12 MP / 12 MP main cameras, 10 MP front camera, Battery capacity: 3400 mAh', 799),
	(244, 244, 83, 4, 221, 2, 'https://brain-images-ssl.cdn.dixons.com/3/5/10190353/u_10190353.jpg', 'Android 9 (Pie), 6.1" Wide Quad HD+ Dynamic AMOLED touchscreen, Triple 16 MP / 12 MP / 12 MP main cameras, 10 MP front camera, Battery capacity: 3400 mAh', 799),
	(245, 245, 83, 4, 222, 2, 'https://brain-images-ssl.cdn.dixons.com/4/5/10190354/u_10190354.jpg', 'Android 9 (Pie), 6.1" Wide Quad HD+ Dynamic AMOLED touchscreen, Triple 16 MP / 12 MP / 12 MP main cameras, 10 MP front camera, Battery capacity: 3400 mAh', 789),
	(246, 246, 84, 3, 223, 1, 'https://www.buymobiles.net/files/images/handsets/huawei/mate-20x-5g-front.png', 'Feast your eyes on the mobile phone made for gamers and entertainment, with its next-level performance, ultra-fast 5G connectivity and huge 7.2-inch Full HD+ display. • Beautiful display for gaming and media • Powerful performance for a smooth experience • 5G chipset for the fastest mobile data speeds', 999),
	(247, 247, 83, 4, 224, 2, 'https://brain-images-ssl.cdn.dixons.com/5/5/10190355/u_10190355.jpg', 'Android 9 (Pie), 6.1" Wide Quad HD+ Dynamic AMOLED touchscreen, Triple 16 MP / 12 MP / 12 MP main cameras, 10 MP front camera, Battery capacity: 3400 mAh', 999),
	(248, 248, 83, 4, 225, 2, 'https://brain-images-ssl.cdn.dixons.com/6/5/10190356/u_10190356.jpg', 'Android 9 (Pie), 6.1" Wide Quad HD+ Dynamic AMOLED touchscreen, Triple 16 MP / 12 MP / 12 MP main cameras, 10 MP front camera, Battery capacity: 3400 mAh', 999),
	(249, 249, 85, 4, 226, 2, 'https://brain-images-ssl.cdn.dixons.com/7/5/10190357/u_10190357.jpg', 'Android 9 (Pie), 6.4" Wide Quad HD+ Dynamic AMOLED touchscreen, Triple 16 MP / 12 MP / 12 MP main cameras, Dual 10 MP / 8 MP front cameras, Battery capacity: 4100 mAh', 899),
	(250, 250, 85, 4, 227, 2, 'https://brain-images-ssl.cdn.dixons.com/8/5/10190358/u_10190358.jpg', 'Android 9 (Pie), 6.4" Wide Quad HD+ Dynamic AMOLED touchscreen, Triple 16 MP / 12 MP / 12 MP main cameras, Dual 10 MP / 8 MP front cameras, Battery capacity: 4100 mAh', 899),
	(251, 251, 85, 4, 228, 2, 'https://brain-images-ssl.cdn.dixons.com/9/5/10190359/u_10190359.jpg', 'Android 9 (Pie), 6.4" Wide Quad HD+ Dynamic AMOLED touchscreen, Triple 16 MP / 12 MP / 12 MP main cameras, Dual 10 MP / 8 MP front cameras, Battery capacity: 4100 mAh', 899),
	(252, 252, 85, 4, 229, 2, 'https://brain-images-ssl.cdn.dixons.com/0/6/10190360/u_10190360.jpg', 'Android 9 (Pie), 6.4" Wide Quad HD+ Dynamic AMOLED touchscreen, Triple 16 MP / 12 MP / 12 MP main cameras, Dual 10 MP / 8 MP front cameras, Battery capacity: 4100 mAh', 1099),
	(253, 253, 85, 4, 230, 2, 'https://brain-images-ssl.cdn.dixons.com/1/6/10190361/u_10190361.jpg', 'Android 9 (Pie), 6.4" Wide Quad HD+ Dynamic AMOLED touchscreen, Triple 16 MP / 12 MP / 12 MP main cameras, Dual 10 MP / 8 MP front cameras, Battery capacity: 4100 mAh', 1099),
	(254, 254, 86, 1, 231, 1, 'https://www.buymobiles.net/files/images/handsets/apple/ip7-rose-front.png', 'Official Apple Certified Pre-Owned iPhone 7, complete with a 1-year warranty, brand-new battery, new outer shell and new white box. • 12MP wide-angle and telephoto cameras • 4.7-inch Retina HD display • A10 Fusion chip for a speedy performance', 569),
	(255, 255, 41, 4, 232, 2, 'https://brain-images-ssl.cdn.dixons.com/9/1/10194919/u_10194919.jpg', 'Android 9 (Pie), 5.8" HD+ PLS TFT LCD touchscreen, Dual 13 MP / 5 MP main cameras, 8 MP front camera, Battery capacity: 3000 mAh', 169.99),
	(256, 256, 32, 4, 233, 2, 'https://brain-images-ssl.cdn.dixons.com/2/1/10194912/u_10194912.jpg', 'Android 9 (Pie), 6.2" Full HD+ LCD touchscreen, 13 MP main camera, 5 MP front camera, Battery capacity: 3400 mAh', 139.99),
	(257, 257, 32, 4, 110, 2, 'https://brain-images-ssl.cdn.dixons.com/3/1/10194913/u_10194913.jpg', 'Android 9 (Pie), 6.2" Full HD+ LCD touchscreen, 13 MP main camera, 5 MP front camera, Battery capacity: 3400 mAh', 139.99),
	(258, 258, 87, 11, 234, 1, 'https://www.buymobiles.net/files/images/handsets/moto/moto-vision-one-front.png', 'A big screen mobile from Moto that’s made for enjoying video content and taking shameless selfies to light up your Instagram. • 6.3-inch Full HD+ display for enjoying video, photos and apps • 25MP selfie camera for crisp, clear and bright photos • Water-repellent design for extra durability', 289),
	(259, 259, 88, 9, 235, 1, 'https://www.buymobiles.net/files/images/handsets/nokia/nokia-51-plus-black-front.png', '', 199),
	(260, 260, 19, 4, 236, 2, 'https://brain-images-ssl.cdn.dixons.com/6/1/10193216/u_10193216.jpg', 'Android 9 (Pie), 6.7" Full HD+ AMOLED touchscreen, Triple 32 MP / 8 MP / 5 MP main cameras, 32 MP front camera, Battery capacity: 4500 mAh', 369.99),
	(261, 261, 19, 4, 64, 2, 'https://brain-images-ssl.cdn.dixons.com/7/1/10193217/u_10193217.jpg', 'Android 9 (Pie), 6.7" Full HD+ AMOLED touchscreen, Triple 32 MP / 8 MP / 5 MP main cameras, 32 MP front camera, Battery capacity: 4500 mAh', 369.99),
	(262, 262, 77, 12, 237, 1, 'https://www.buymobiles.net/files/images/handsets/oppo/oppo-rx17-neo-blue.png', 'Oppo RX17 Neo has been cleverly designed, with a fingerprint scanner hidden beneath the screen and casing that changes colour as you move it. • Advanced in-screen fingerprint sensor • 91% screen ratio, with a large 6.4-inch display • 25MP front facing camera for beautiful selfies', 279),
	(263, 263, 30, 4, 238, 2, 'https://brain-images-ssl.cdn.dixons.com/2/2/10193222/u_10193222.jpg', 'Android 9 (Pie), 6.4" Full HD+ Super AMOLED touchscreen, Triple 25 MP / 5 MP / 8 MP main cameras, 25 MP front camera, Battery capacity: 4000 mAh', 309.99),
	(264, 264, 30, 4, 105, 2, 'https://brain-images-ssl.cdn.dixons.com/3/2/10193223/u_10193223.jpg', 'Android 9 (Pie), 6.4" Full HD+ Super AMOLED touchscreen, Triple 25 MP / 5 MP / 8 MP main cameras, 25 MP front camera, Battery capacity: 4000 mAh', 309.99),
	(265, 265, 30, 4, 239, 2, 'https://brain-images-ssl.cdn.dixons.com/4/2/10193224/u_10193224.jpg', 'Android 9 (Pie), 6.4" Full HD+ Super AMOLED touchscreen, Triple 25 MP / 5 MP / 8 MP main cameras, 25 MP front camera, Battery capacity: 4000 mAh', 309.99),
	(266, 266, 30, 4, 240, 2, 'https://brain-images-ssl.cdn.dixons.com/5/2/10193225/u_10193225.jpg', 'Android 9 (Pie), 6.4" Full HD+ Super AMOLED touchscreen, Triple 25 MP / 5 MP / 8 MP main cameras, 25 MP front camera, Battery capacity: 4000 mAh', 309.99),
	(267, 267, 28, 4, 241, 2, 'https://brain-images-ssl.cdn.dixons.com/2/3/10193232/u_10193232.jpg', 'Android 9 (Pie), 5.9" Full HD+ AMOLED touchscreen, Dual 16 MP / 5 MP main cameras, 25 MP front camera, Battery capacity: 3100 mAh', 219.99),
	(268, 268, 76, 12, 242, 1, 'https://www.buymobiles.net/files/images/handsets/oppo/oppo-rx17-pro-blue.png', 'Oppo has produced one of the best camera phones for night-time shooting in RX17 Pro, not to mention a stunning design thanks to the Radiant Mist casing. • Stand out from the crowd with an eye-catching design • Advanced camera optimised for low-light shots • Reach 40% charge in as little as 10 minutes', 449),
	(269, 269, 28, 4, 243, 2, 'https://brain-images-ssl.cdn.dixons.com/3/3/10193233/u_10193233.jpg', 'Android 9 (Pie), 5.9" Full HD+ AMOLED touchscreen, Dual 16 MP / 5 MP main cameras, 25 MP front camera, Battery capacity: 3100 mAh', 219.99),
	(270, 270, 28, 4, 100, 2, 'https://brain-images-ssl.cdn.dixons.com/4/3/10193234/u_10193234.jpg', 'Android 9 (Pie), 5.9" Full HD+ AMOLED touchscreen, Dual 16 MP / 5 MP main cameras, 25 MP front camera, Battery capacity: 3100 mAh', 219.99),
	(271, 271, 81, 4, 244, 2, 'https://brain-images-ssl.cdn.dixons.com/0/7/10197870/u_10197870.jpg', 'Android 9 (Pie), 6.8" Quad HD+ Dynamic AMOLED touchscreen, Triple 16 MP / 12 MP / 12 MP main cameras, 10 MP front camera, Battery capacity: 4300 mAh', 1199.99),
	(272, 272, 89, 14, 245, 1, 'https://www.buymobiles.net/files/images/handsets/xiaomi/xiaomi-mi-8-blue.png', 'A top-end flagship mobile that undercuts some of the competition on price, without compromising on quality. • Premium curved-glass and aluminium design • Large all screen display, at 6.21-inches • Dual lens camera with powerful optical zoom', 459),
	(273, 273, 81, 4, 246, 2, 'https://brain-images-ssl.cdn.dixons.com/4/8/10197884/u_10197884.jpg', 'Android 9 (Pie), 6.8" Quad HD+ Dynamic AMOLED touchscreen, Triple 16 MP / 12 MP / 12 MP main cameras, 10 MP front camera, Battery capacity: 4300 mAh', 1099.99),
	(274, 274, 90, 14, 247, 1, 'https://www.buymobiles.net/files/images/handsets/xiaomi/mi-8-pro-front.png', 'A powerful mobile phone that’s designed for gamers and media lovers, with a unique look that lets you see the inner components. • Flagship Snapdragon 845 processor • Dual 12MP camera with AI technology • Transparent glass back revealing components', 499),
	(275, 275, 80, 4, 248, 2, 'https://brain-images-ssl.cdn.dixons.com/9/8/10197889/u_10197889.jpg', 'Android 9 (Pie), 6.8" Quad HD+ Dynamic AMOLED touchscreen, Triple 16 MP / 12 MP / 12 MP main cameras, 10 MP front camera, Battery capacity: 4300 mAh', 999.99),
	(276, 276, 31, 4, 249, 2, 'https://brain-images-ssl.cdn.dixons.com/5/3/10198635/u_10198635.jpg', 'Android 9 (Pie), 6.7" Full HD+ AMOLED touchscreen, Dual 48 MP / 8 MP main cameras, Battery capacity: 3700 mAh, Snapdragon 715 processor', 579.99),
	(277, 277, 41, 4, 250, 2, 'https://brain-images-ssl.cdn.dixons.com/9/3/10198639/u_10198639.jpg', 'Android 9 (Pie), 5.8" HD+ PLS TFT LCD touchscreen, Dual 13 MP / 5 MP main cameras, 8 MP front camera, Battery capacity: 3000 mAh', 169.99),
	(278, 278, 31, 4, 251, 2, 'https://brain-images-ssl.cdn.dixons.com/7/4/10198647/u_10198647.jpg', 'Android 9 (Pie), 6.7" Full HD+ AMOLED touchscreen, Dual 48 MP / 8 MP main cameras, Battery capacity: 3700 mAh, Snapdragon 715 processor', 579.99),
	(279, 279, 16, 4, 252, 2, 'https://brain-images-ssl.cdn.dixons.com/9/2/10194929/u_10194929.jpg', 'Android 9 (Pie), 5.8" Full HD+ Dynamic AMOLED touchscreen, Dual 16 MP / 12 MP main cameras, 10 MP front camera, Battery capacity: 3100 mAh', 669),
	(280, 280, 83, 4, 253, 2, 'https://brain-images-ssl.cdn.dixons.com/2/6/10194962/u_10194962.jpg', 'Android 9 (Pie), 6.1" Wide Quad HD+ Dynamic AMOLED touchscreen, Triple 16 MP / 12 MP / 12 MP main cameras, 10 MP front camera, Battery capacity: 3400 mAh', 799),
	(281, 281, 81, 4, 254, 2, 'https://brain-images-ssl.cdn.dixons.com/1/0/10197801/u_10197801.jpg', 'Android 9 (Pie), 6.8" Quad HD+ Dynamic AMOLED touchscreen, Triple 16 MP / 12 MP / 12 MP main cameras, 10 MP front camera, Battery capacity: 4300 mAh', 1099.99),
	(282, 282, 19, 4, 255, 2, 'https://brain-images-ssl.cdn.dixons.com/1/9/10193291/u_10193291.jpg', 'Android 9 (Pie), 6.7" Full HD+ AMOLED touchscreen, Triple 32 MP / 8 MP / 5 MP main cameras, 32 MP front camera, Battery capacity: 4500 mAh', 369.99),
	(283, 283, 41, 4, 128, 2, 'https://brain-images-ssl.cdn.dixons.com/5/6/10195765/u_10195765.jpg', 'Android 9 (Pie), 5.8" HD+ PLS TFT LCD touchscreen, Dual 13 MP / 5 MP main cameras, 8 MP front camera, Battery capacity: 3000 mAh', 169.99),
	(284, 284, 28, 4, 256, 2, 'https://brain-images-ssl.cdn.dixons.com/7/9/10193297/u_10193297.jpg', 'Android 9 (Pie), 5.9" Full HD+ AMOLED touchscreen, Dual 16 MP / 5 MP main cameras, 25 MP front camera, Battery capacity: 3100 mAh', 219.99),
	(285, 285, 85, 4, 257, 2, 'https://brain-images-ssl.cdn.dixons.com/3/0/10195103/u_10195103.jpg', 'Android 9 (Pie), 6.4" Wide Quad HD+ Dynamic AMOLED touchscreen, Triple 16 MP / 12 MP / 12 MP main cameras, Dual 10 MP / 8 MP front cameras, Battery capacity: 4100 mAh', 899),
	(286, 286, 91, 4, 258, 2, 'https://brain-images-ssl.cdn.dixons.com/1/0/10178701/u_10178701.jpg', 'Android 8.0 (Oreo), 6.2" Quad HD Super AMOLED touchscreen, Dual 12 MP main cameras, 8 MP front camera, Battery capacity: 3500 mAh', 929.99),
	(287, 287, 92, 4, 259, 2, 'https://brain-images-ssl.cdn.dixons.com/1/0/10168901/u_10168901.jpg', 'Android 7.1 (Nougat), 12 MP main camera, 8 MP front camera, Battery capacity: 3300 mAh, 2.3 GHz octa-core processor', 869.99),
	(288, 288, 15, 4, 260, 2, 'https://brain-images-ssl.cdn.dixons.com/7/0/10175407/u_10175407.jpg', 'Android 8.0 (Oreo), 5.8" Quad HD Super AMOLED touchscreen, 12 MP main camera, 8 MP front camera, Battery capacity: 3000 mAh', 499.97),
	(289, 289, 91, 4, 261, 2, 'https://brain-images-ssl.cdn.dixons.com/0/1/10175410/u_10175410.jpg', 'Android 8.0 (Oreo), 6.2" Quad HD Super AMOLED touchscreen, Dual 12 MP main cameras, 8 MP front camera, Battery capacity: 3500 mAh', 699.99),
	(290, 290, 91, 4, 262, 2, 'https://brain-images-ssl.cdn.dixons.com/1/1/10175411/u_10175411.jpg', 'Android 8.0 (Oreo), 6.2" Quad HD Super AMOLED touchscreen, Dual 12 MP main cameras, 8 MP front camera, Battery capacity: 3500 mAh', 699.99),
	(291, 291, 91, 4, 263, 2, 'https://brain-images-ssl.cdn.dixons.com/2/1/10175412/u_10175412.jpg', 'Android 8.0 (Oreo), 6.2" Quad HD Super AMOLED touchscreen, Dual 12 MP main cameras, 8 MP front camera, Battery capacity: 3500 mAh', 699.99),
	(292, 292, 93, 4, 264, 2, 'https://brain-images-ssl.cdn.dixons.com/1/0/10161801/u_10161801.jpg', 'Android 7.0 (Nougat), 5.8" Quad HD Super AMOLED touchscreen, 12 MP main camera, 8 MP front camera, Battery capacity: 3000 mAh', 499.97),
	(293, 293, 27, 6, 97, 2, 'https://brain-images-ssl.cdn.dixons.com/1/0/10194801/u_10194801.jpg', 'Android 9 (Pie), 6.5" 4K OLED touchscreen, Triple 12 MP main cameras, 8 MP front camera, Battery capacity: 3330 mAh', 849.99),
	(294, 294, 27, 6, 265, 2, 'https://brain-images-ssl.cdn.dixons.com/3/0/10194803/u_10194803.jpg', 'Android 9 (Pie), 6.5" 4K OLED touchscreen, Triple 12 MP main cameras, 8 MP front camera, Battery capacity: 3330 mAh', 849.99),
	(295, 295, 58, 6, 266, 2, 'https://brain-images-ssl.cdn.dixons.com/8/4/10191648/u_10191648.jpg', 'Android 9 (Pie), 6" Full HD+ touchscreen, Dual 13 MP / 5 MP main cameras, 8 MP front camera, Battery capacity: 2870 mAh', 299.99),
	(296, 296, 58, 6, 267, 2, 'https://brain-images-ssl.cdn.dixons.com/7/8/10192787/u_10192787.jpg', 'Android 9 (Pie), 6" Full HD+ touchscreen, Dual 13 MP / 5 MP main cameras, 8 MP front camera, Battery capacity: 2870 mAh', 299.99),
	(297, 297, 63, 6, 178, 2, 'https://brain-images-ssl.cdn.dixons.com/1/5/10193851/u_10193851.jpg', 'Android 8.1 (Oreo), 5.7" HD+ LCD touchscreen, Dual 13 MP / 2 MP main cameras, 8 MP front camera, Battery capacity: 3300 mAh', 169.99),
	(298, 298, 63, 6, 268, 2, 'https://brain-images-ssl.cdn.dixons.com/2/5/10193852/u_10193852.jpg', 'Android 8.1 (Oreo), 5.7" HD+ LCD touchscreen, Dual 13 MP / 2 MP main cameras, 8 MP front camera, Battery capacity: 3300 mAh', 169.99),
	(299, 299, 89, 14, 269, 2, 'https://brain-images-ssl.cdn.dixons.com/1/1/10168711/u_10168711.jpg', 'Android 8.1 (Oreo), 6.2" Super AMOLED touchscreen, Dual 12 MP main cameras, 20 MP front camera, Battery capacity: 3400 mAh', 459.99);
/*!40000 ALTER TABLE `products` ENABLE KEYS */;

-- Dumping structure for table phonecheckr.storage_capacities
CREATE TABLE IF NOT EXISTS `storage_capacities` (
  `id` int(11) NOT NULL AUTO_INCREMENT,
  `size` int(11) DEFAULT NULL,
  PRIMARY KEY (`id`)
) ENGINE=InnoDB AUTO_INCREMENT=8 DEFAULT CHARSET=utf8mb4 COLLATE=utf8mb4_0900_ai_ci;

-- Dumping data for table phonecheckr.storage_capacities: ~7 rows (approximately)
/*!40000 ALTER TABLE `storage_capacities` DISABLE KEYS */;
INSERT INTO `storage_capacities` (`id`, `size`) VALUES
	(1, 64),
	(2, 32),
	(3, 128),
	(4, 256),
	(5, 512),
	(6, 8),
	(7, 16);
/*!40000 ALTER TABLE `storage_capacities` ENABLE KEYS */;

-- Dumping structure for table phonecheckr.suppliers
CREATE TABLE IF NOT EXISTS `suppliers` (
  `id` int(11) NOT NULL AUTO_INCREMENT,
  `name` varchar(50) DEFAULT NULL,
  PRIMARY KEY (`id`)
) ENGINE=InnoDB AUTO_INCREMENT=3 DEFAULT CHARSET=utf8mb4 COLLATE=utf8mb4_0900_ai_ci;

-- Dumping data for table phonecheckr.suppliers: ~1 rows (approximately)
/*!40000 ALTER TABLE `suppliers` DISABLE KEYS */;
INSERT INTO `suppliers` (`id`, `name`) VALUES
	(1, 'Buy Mobiles'),
	(2, 'Currys');
/*!40000 ALTER TABLE `suppliers` ENABLE KEYS */;

-- Dumping structure for table phonecheckr.urls
CREATE TABLE IF NOT EXISTS `urls` (
  `id` int(11) NOT NULL AUTO_INCREMENT,
  `url` varchar(2083) DEFAULT NULL,
  PRIMARY KEY (`id`)
) ENGINE=InnoDB AUTO_INCREMENT=300 DEFAULT CHARSET=utf8mb4 COLLATE=utf8mb4_0900_ai_ci;

-- Dumping data for table phonecheckr.urls: ~229 rows (approximately)
/*!40000 ALTER TABLE `urls` DISABLE KEYS */;
INSERT INTO `urls` (`id`, `url`) VALUES
	(1, 'https://www.buymobiles.net/apple/iphone-xr-64gb-black?simfree=1'),
	(2, 'https://www.buymobiles.net/apple/iphone-8-64gb-space-grey?simfree=1'),
	(3, 'https://www.currys.co.uk/gbuk/phones-broadband-and-sat-nav/mobile-phones-and-accessories/mobile-phones/alcatel-3-2019-32-gb-black-blue-10196668-pdt.html'),
	(4, 'https://www.currys.co.uk/gbuk/phones-broadband-and-sat-nav/mobile-phones-and-accessories/mobile-phones/alcatel-3-2019-32-gb-blue-purple-10196788-pdt.html'),
	(5, 'https://www.buymobiles.net/apple/iphone-11-64gb-black?simfree=1'),
	(6, 'https://www.currys.co.uk/gbuk/phones-broadband-and-sat-nav/mobile-phones-and-accessories/mobile-phones/apple-iphone-xr-128-gb-blue-10186161-pdt.html'),
	(7, 'https://www.currys.co.uk/gbuk/phones-broadband-and-sat-nav/mobile-phones-and-accessories/mobile-phones/apple-iphone-xr-128-gb-coral-10186162-pdt.html'),
	(8, 'https://www.currys.co.uk/gbuk/phones-broadband-and-sat-nav/mobile-phones-and-accessories/mobile-phones/apple-iphone-xr-128-gb-yellow-10186037-pdt.html'),
	(9, 'https://www.buymobiles.net/apple/iphone-11-pro-64gb-space-grey?simfree=1'),
	(10, 'https://www.currys.co.uk/gbuk/phones-broadband-and-sat-nav/mobile-phones-and-accessories/mobile-phones/apple-iphone-xr-128-gb-red-10186070-pdt.html'),
	(11, 'https://www.currys.co.uk/gbuk/phones-broadband-and-sat-nav/mobile-phones-and-accessories/mobile-phones/apple-iphone-11-64-gb-white-10197969-pdt.html'),
	(12, 'https://www.currys.co.uk/gbuk/phones-broadband-and-sat-nav/mobile-phones-and-accessories/mobile-phones/apple-iphone-11-64-gb-yellow-10197970-pdt.html'),
	(13, 'https://www.currys.co.uk/gbuk/phones-broadband-and-sat-nav/mobile-phones-and-accessories/mobile-phones/apple-iphone-11-64-gb-red-10197971-pdt.html'),
	(14, 'https://www.currys.co.uk/gbuk/phones-broadband-and-sat-nav/mobile-phones-and-accessories/mobile-phones/apple-iphone-11-64-gb-purple-10197972-pdt.html'),
	(15, 'https://www.buymobiles.net/apple/iphone-11-pro-max-64gb-space-grey?simfree=1'),
	(16, 'https://www.currys.co.uk/gbuk/phones-broadband-and-sat-nav/mobile-phones-and-accessories/mobile-phones/apple-iphone-11-64-gb-green-10197973-pdt.html'),
	(17, 'https://www.currys.co.uk/gbuk/phones-broadband-and-sat-nav/mobile-phones-and-accessories/mobile-phones/apple-iphone-11-64-gb-black-10197974-pdt.html'),
	(18, 'https://www.currys.co.uk/gbuk/phones-broadband-and-sat-nav/mobile-phones-and-accessories/mobile-phones/apple-iphone-11-128-gb-white-10197975-pdt.html'),
	(19, 'https://www.currys.co.uk/gbuk/phones-broadband-and-sat-nav/mobile-phones-and-accessories/mobile-phones/apple-iphone-11-128-gb-black-10197976-pdt.html'),
	(20, 'https://www.currys.co.uk/gbuk/phones-broadband-and-sat-nav/mobile-phones-and-accessories/mobile-phones/apple-iphone-11-128-gb-purple-10197977-pdt.html'),
	(21, 'https://www.currys.co.uk/gbuk/phones-broadband-and-sat-nav/mobile-phones-and-accessories/mobile-phones/apple-iphone-11-128-gb-red-10197978-pdt.html'),
	(22, 'https://www.currys.co.uk/gbuk/phones-broadband-and-sat-nav/mobile-phones-and-accessories/mobile-phones/apple-iphone-11-128-gb-yellow-10197979-pdt.html'),
	(23, 'https://www.buymobiles.net/apple/iphone-7-32gb-black?simfree=1'),
	(24, 'https://www.currys.co.uk/gbuk/phones-broadband-and-sat-nav/mobile-phones-and-accessories/mobile-phones/apple-iphone-11-128-gb-green-10197980-pdt.html'),
	(25, 'https://www.currys.co.uk/gbuk/phones-broadband-and-sat-nav/mobile-phones-and-accessories/mobile-phones/apple-iphone-11-256-gb-black-10197981-pdt.html'),
	(26, 'https://www.currys.co.uk/gbuk/phones-broadband-and-sat-nav/mobile-phones-and-accessories/mobile-phones/apple-iphone-11-256-gb-green-10197982-pdt.html'),
	(27, 'https://www.currys.co.uk/gbuk/phones-broadband-and-sat-nav/mobile-phones-and-accessories/mobile-phones/apple-iphone-11-256-gb-yellow-10197983-pdt.html'),
	(28, 'https://www.currys.co.uk/gbuk/phones-broadband-and-sat-nav/mobile-phones-and-accessories/mobile-phones/apple-iphone-11-256-gb-red-10197984-pdt.html'),
	(29, 'https://www.currys.co.uk/gbuk/phones-broadband-and-sat-nav/mobile-phones-and-accessories/mobile-phones/apple-iphone-11-256-gb-white-10197985-pdt.html'),
	(30, 'https://www.currys.co.uk/gbuk/phones-broadband-and-sat-nav/mobile-phones-and-accessories/mobile-phones/apple-iphone-11-256-gb-purple-10197986-pdt.html'),
	(31, 'https://www.buymobiles.net/apple/iphone-8-plus-64gb-space-grey?simfree=1'),
	(32, 'https://www.currys.co.uk/gbuk/phones-broadband-and-sat-nav/mobile-phones-and-accessories/mobile-phones/apple-iphone-11-pro-64-gb-space-grey-10197994-pdt.html'),
	(33, 'https://www.currys.co.uk/gbuk/phones-broadband-and-sat-nav/mobile-phones-and-accessories/mobile-phones/apple-iphone-11-pro-64-gb-silver-10197995-pdt.html'),
	(34, 'https://www.currys.co.uk/gbuk/phones-broadband-and-sat-nav/mobile-phones-and-accessories/mobile-phones/apple-iphone-11-pro-64-gb-gold-10197996-pdt.html'),
	(35, 'https://www.currys.co.uk/gbuk/phones-broadband-and-sat-nav/mobile-phones-and-accessories/mobile-phones/apple-iphone-11-pro-256-gb-space-grey-10197997-pdt.html'),
	(36, 'https://www.buymobiles.net/apple/iphone-xs-64gb-space-grey?simfree=1'),
	(37, 'https://www.currys.co.uk/gbuk/phones-broadband-and-sat-nav/mobile-phones-and-accessories/mobile-phones/apple-iphone-11-pro-256-gb-silver-10197998-pdt.html'),
	(38, 'https://www.currys.co.uk/gbuk/phones-broadband-and-sat-nav/mobile-phones-and-accessories/mobile-phones/apple-iphone-11-pro-256-gb-gold-10197999-pdt.html'),
	(39, 'https://www.currys.co.uk/gbuk/phones-broadband-and-sat-nav/mobile-phones-and-accessories/mobile-phones/apple-iphone-11-pro-512-gb-space-grey-10198000-pdt.html'),
	(40, 'https://www.currys.co.uk/gbuk/phones-broadband-and-sat-nav/mobile-phones-and-accessories/mobile-phones/apple-iphone-11-pro-512-gb-silver-10198001-pdt.html'),
	(41, 'https://www.buymobiles.net/apple/iphone-xs-max-64gb-space-grey?simfree=1'),
	(42, 'https://www.currys.co.uk/gbuk/phones-broadband-and-sat-nav/mobile-phones-and-accessories/mobile-phones/apple-iphone-11-pro-512-gb-gold-10198002-pdt.html'),
	(43, 'https://www.currys.co.uk/gbuk/phones-broadband-and-sat-nav/mobile-phones-and-accessories/mobile-phones/apple-iphone-11-pro-max-64-gb-space-grey-10198003-pdt.html'),
	(44, 'https://www.currys.co.uk/gbuk/phones-broadband-and-sat-nav/mobile-phones-and-accessories/mobile-phones/apple-iphone-11-pro-max-64-gb-silver-10198004-pdt.html'),
	(45, 'https://www.currys.co.uk/gbuk/phones-broadband-and-sat-nav/mobile-phones-and-accessories/mobile-phones/apple-iphone-11-pro-max-64-gb-gold-10198005-pdt.html'),
	(46, 'https://www.currys.co.uk/gbuk/phones-broadband-and-sat-nav/mobile-phones-and-accessories/mobile-phones/apple-iphone-11-pro-max-256-gb-space-grey-10198006-pdt.html'),
	(47, 'https://www.buymobiles.net/apple/iphone-7-plus-32gb-black?simfree=1'),
	(48, 'https://www.currys.co.uk/gbuk/phones-broadband-and-sat-nav/mobile-phones-and-accessories/mobile-phones/apple-iphone-11-pro-max-256-gb-silver-10198007-pdt.html'),
	(49, 'https://www.currys.co.uk/gbuk/phones-broadband-and-sat-nav/mobile-phones-and-accessories/mobile-phones/apple-iphone-11-pro-max-256-gb-gold-10198008-pdt.html'),
	(50, 'https://www.buymobiles.net/huawei/p20-pro-black?simfree=1'),
	(51, 'https://www.currys.co.uk/gbuk/phones-broadband-and-sat-nav/mobile-phones-and-accessories/mobile-phones/apple-iphone-11-pro-max-512-gb-space-grey-10198009-pdt.html'),
	(52, 'https://www.currys.co.uk/gbuk/phones-broadband-and-sat-nav/mobile-phones-and-accessories/mobile-phones/apple-iphone-11-pro-max-512-gb-silver-10198010-pdt.html'),
	(53, 'https://www.currys.co.uk/gbuk/phones-broadband-and-sat-nav/mobile-phones-and-accessories/mobile-phones/apple-iphone-11-pro-max-512-gb-gold-10198011-pdt.html'),
	(54, 'https://www.currys.co.uk/gbuk/phones-broadband-and-sat-nav/mobile-phones-and-accessories/mobile-phones/apple-iphone-11-pro-64-gb-midnight-green-10198012-pdt.html'),
	(55, 'https://www.buymobiles.net/samsung/galaxy-note-9-128gb-black?simfree=1'),
	(56, 'https://www.currys.co.uk/gbuk/phones-broadband-and-sat-nav/mobile-phones-and-accessories/mobile-phones/apple-iphone-11-pro-256-gb-midnight-green-10198013-pdt.html'),
	(57, 'https://www.buymobiles.net/samsung/galaxy-note-8-black?simfree=1'),
	(58, 'https://www.currys.co.uk/gbuk/phones-broadband-and-sat-nav/mobile-phones-and-accessories/mobile-phones/apple-iphone-11-pro-512-gb-midnight-green-10198014-pdt.html'),
	(59, 'https://www.currys.co.uk/gbuk/phones-broadband-and-sat-nav/mobile-phones-and-accessories/mobile-phones/apple-iphone-11-pro-max-256-gb-midnight-green-10198016-pdt.html'),
	(60, 'https://www.currys.co.uk/gbuk/phones-broadband-and-sat-nav/mobile-phones-and-accessories/mobile-phones/apple-iphone-11-pro-max-512-gb-midnight-green-10198017-pdt.html'),
	(61, 'https://www.buymobiles.net/samsung/galaxy-s9-blue?simfree=1'),
	(62, 'https://www.currys.co.uk/gbuk/phones-broadband-and-sat-nav/mobile-phones-and-accessories/mobile-phones/apple-iphone-xr-pay-as-you-go-micro-sim-card-bundle-64-gb-white-10187788-pdt.html'),
	(63, 'https://www.currys.co.uk/gbuk/phones-broadband-and-sat-nav/mobile-phones-and-accessories/mobile-phones/apple-iphone-xr-pay-as-you-go-micro-sim-card-bundle-128-gb-black-10187790-pdt.html'),
	(64, 'https://www.buymobiles.net/samsung/galaxy-s10e-black?simfree=1'),
	(65, 'https://www.buymobiles.net/huawei/p30-black?simfree=1'),
	(66, 'https://www.buymobiles.net/huawei/mate-20-pro-twilight?simfree=1'),
	(67, 'https://www.buymobiles.net/samsung/galaxy-a70-black?simfree=1'),
	(68, 'https://www.currys.co.uk/gbuk/phones-broadband-and-sat-nav/mobile-phones-and-accessories/mobile-phones/apple-iphone-xs-64-gb-silver-10185941-pdt.html'),
	(69, 'https://www.currys.co.uk/gbuk/phones-broadband-and-sat-nav/mobile-phones-and-accessories/mobile-phones/apple-iphone-xs-64-gb-space-grey-10185942-pdt.html'),
	(70, 'https://www.currys.co.uk/gbuk/phones-broadband-and-sat-nav/mobile-phones-and-accessories/mobile-phones/apple-iphone-xs-64-gb-gold-10185943-pdt.html'),
	(71, 'https://www.currys.co.uk/gbuk/phones-broadband-and-sat-nav/mobile-phones-and-accessories/mobile-phones/apple-iphone-xs-256-gb-silver-10185944-pdt.html'),
	(72, 'https://www.currys.co.uk/gbuk/phones-broadband-and-sat-nav/mobile-phones-and-accessories/mobile-phones/apple-iphone-xs-256-gb-space-grey-10185945-pdt.html'),
	(73, 'https://www.buymobiles.net/samsung/galaxy-s9-plus-blue?simfree=1'),
	(74, 'https://www.currys.co.uk/gbuk/phones-broadband-and-sat-nav/mobile-phones-and-accessories/mobile-phones/apple-iphone-xs-256-gb-gold-10185946-pdt.html'),
	(75, 'https://www.currys.co.uk/gbuk/phones-broadband-and-sat-nav/mobile-phones-and-accessories/mobile-phones/apple-iphone-xs-512-gb-silver-10185947-pdt.html'),
	(76, 'https://www.currys.co.uk/gbuk/phones-broadband-and-sat-nav/mobile-phones-and-accessories/mobile-phones/apple-iphone-xs-512-gb-space-grey-10185948-pdt.html'),
	(77, 'https://www.currys.co.uk/gbuk/phones-broadband-and-sat-nav/mobile-phones-and-accessories/mobile-phones/apple-iphone-xs-512-gb-gold-10185949-pdt.html'),
	(78, 'https://www.buymobiles.net/samsung/galaxy-note-10-aura-black?simfree=1'),
	(79, 'https://www.currys.co.uk/gbuk/phones-broadband-and-sat-nav/mobile-phones-and-accessories/mobile-phones/apple-iphone-xs-max-64-gb-silver-10185950-pdt.html'),
	(80, 'https://www.currys.co.uk/gbuk/phones-broadband-and-sat-nav/mobile-phones-and-accessories/mobile-phones/apple-iphone-xs-max-64-gb-space-grey-10185951-pdt.html'),
	(81, 'https://www.currys.co.uk/gbuk/phones-broadband-and-sat-nav/mobile-phones-and-accessories/mobile-phones/apple-iphone-xs-max-64-gb-gold-10185952-pdt.html'),
	(82, 'https://www.currys.co.uk/gbuk/phones-broadband-and-sat-nav/mobile-phones-and-accessories/mobile-phones/apple-iphone-xs-max-256-gb-silver-10185953-pdt.html'),
	(83, 'https://www.buymobiles.net/apple/iphone-6s-32gb-rose-gold?simfree=1'),
	(84, 'https://www.currys.co.uk/gbuk/phones-broadband-and-sat-nav/mobile-phones-and-accessories/mobile-phones/apple-iphone-xs-max-256-gb-space-grey-10185954-pdt.html'),
	(85, 'https://www.currys.co.uk/gbuk/phones-broadband-and-sat-nav/mobile-phones-and-accessories/mobile-phones/apple-iphone-xs-max-512-gb-silver-10185955-pdt.html'),
	(86, 'https://www.currys.co.uk/gbuk/phones-broadband-and-sat-nav/mobile-phones-and-accessories/mobile-phones/apple-iphone-xr-256-gb-blue-10185956-pdt.html'),
	(87, 'https://www.currys.co.uk/gbuk/phones-broadband-and-sat-nav/mobile-phones-and-accessories/mobile-phones/apple-iphone-xr-256-gb-coral-10185957-pdt.html'),
	(88, 'https://www.buymobiles.net/samsung/galaxy-note-10-plus-aura-glow?simfree=1'),
	(89, 'https://www.currys.co.uk/gbuk/phones-broadband-and-sat-nav/mobile-phones-and-accessories/mobile-phones/apple-iphone-xr-128-gb-black-10185958-pdt.html'),
	(90, 'https://www.currys.co.uk/gbuk/phones-broadband-and-sat-nav/mobile-phones-and-accessories/mobile-phones/apple-iphone-xr-128-gb-white-10185959-pdt.html'),
	(91, 'https://www.currys.co.uk/gbuk/phones-broadband-and-sat-nav/mobile-phones-and-accessories/mobile-phones/apple-iphone-xr-64-gb-black-10185972-pdt.html'),
	(92, 'https://www.currys.co.uk/gbuk/phones-broadband-and-sat-nav/mobile-phones-and-accessories/mobile-phones/apple-iphone-xr-64-gb-white-10185973-pdt.html'),
	(93, 'https://www.buymobiles.net/huawei/p30-lite-blue?simfree=1'),
	(94, 'https://www.currys.co.uk/gbuk/phones-broadband-and-sat-nav/mobile-phones-and-accessories/mobile-phones/apple-iphone-xr-64-gb-red-10185974-pdt.html'),
	(95, 'https://www.buymobiles.net/apple/iphone-6s-plus-32gb-rose-gold?simfree=1'),
	(96, 'https://www.currys.co.uk/gbuk/phones-broadband-and-sat-nav/mobile-phones-and-accessories/mobile-phones/apple-iphone-xr-64-gb-yellow-10185975-pdt.html'),
	(97, 'https://www.buymobiles.net/google/pixel-3a-black?simfree=1'),
	(98, 'https://www.currys.co.uk/gbuk/phones-broadband-and-sat-nav/mobile-phones-and-accessories/mobile-phones/apple-iphone-xr-64-gb-blue-10185976-pdt.html'),
	(99, 'https://www.currys.co.uk/gbuk/phones-broadband-and-sat-nav/mobile-phones-and-accessories/mobile-phones/apple-iphone-xr-64-gb-coral-10185977-pdt.html'),
	(100, 'https://www.currys.co.uk/gbuk/phones-broadband-and-sat-nav/mobile-phones-and-accessories/mobile-phones/apple-iphone-xr-256-gb-black-10185978-pdt.html'),
	(101, 'https://www.currys.co.uk/gbuk/phones-broadband-and-sat-nav/mobile-phones-and-accessories/mobile-phones/apple-iphone-xr-256-gb-white-10185979-pdt.html'),
	(102, 'https://www.currys.co.uk/gbuk/phones-broadband-and-sat-nav/mobile-phones-and-accessories/mobile-phones/apple-iphone-xr-256-gb-red-10185980-pdt.html'),
	(103, 'https://www.currys.co.uk/gbuk/phones-broadband-and-sat-nav/mobile-phones-and-accessories/mobile-phones/apple-iphone-xr-256-gb-yellow-10185981-pdt.html'),
	(104, 'https://www.buymobiles.net/sony/xperia-1-black?simfree=1'),
	(105, 'https://www.currys.co.uk/gbuk/phones-broadband-and-sat-nav/mobile-phones-and-accessories/mobile-phones/apple-iphone-xs-max-256-gb-gold-10185854-pdt.html'),
	(106, 'https://www.currys.co.uk/gbuk/phones-broadband-and-sat-nav/mobile-phones-and-accessories/mobile-phones/apple-iphone-xs-max-512-gb-space-grey-10185855-pdt.html'),
	(107, 'https://www.currys.co.uk/gbuk/phones-broadband-and-sat-nav/mobile-phones-and-accessories/mobile-phones/apple-iphone-xs-max-512-gb-gold-10185856-pdt.html'),
	(108, 'https://www.buymobiles.net/samsung/galaxy-a40-black?simfree=1'),
	(109, 'https://www.currys.co.uk/gbuk/phones-broadband-and-sat-nav/mobile-phones-and-accessories/mobile-phones/apple-iphone-7-32-gb-black-10151568-pdt.html'),
	(110, 'https://www.buymobiles.net/apple/iphone-x-64gb-space-grey-refurbished?simfree=1'),
	(111, 'https://www.currys.co.uk/gbuk/phones-broadband-and-sat-nav/mobile-phones-and-accessories/mobile-phones/apple-iphone-6s-32-gb-space-grey-10151585-pdt.html'),
	(112, 'https://www.currys.co.uk/gbuk/phones-broadband-and-sat-nav/mobile-phones-and-accessories/mobile-phones/apple-iphone-6s-32-gb-silver-10151586-pdt.html'),
	(113, 'https://www.buymobiles.net/samsung/galaxy-a50-black?simfree=1'),
	(114, 'https://www.currys.co.uk/gbuk/phones-broadband-and-sat-nav/mobile-phones-and-accessories/mobile-phones/apple-iphone-6s-32-gb-gold-10151587-pdt.html'),
	(115, 'https://www.currys.co.uk/gbuk/phones-broadband-and-sat-nav/mobile-phones-and-accessories/mobile-phones/apple-iphone-6s-32-gb-rose-gold-10151588-pdt.html'),
	(116, 'https://www.currys.co.uk/gbuk/phones-broadband-and-sat-nav/mobile-phones-and-accessories/mobile-phones/apple-iphone-8-256-gb-space-grey-10168675-pdt.html'),
	(117, 'https://www.buymobiles.net/samsung/galaxy-a80-black?simfree=1'),
	(118, 'https://www.currys.co.uk/gbuk/phones-broadband-and-sat-nav/mobile-phones-and-accessories/mobile-phones/apple-iphone-8-256-gb-gold-10168676-pdt.html'),
	(119, 'https://www.currys.co.uk/gbuk/phones-broadband-and-sat-nav/mobile-phones-and-accessories/mobile-phones/apple-iphone-8-plus-64-gb-silver-10168677-pdt.html'),
	(120, 'https://www.currys.co.uk/gbuk/phones-broadband-and-sat-nav/mobile-phones-and-accessories/mobile-phones/apple-iphone-8-plus-64-gb-space-grey-10168678-pdt.html'),
	(121, 'https://www.buymobiles.net/samsung/galaxy-a10-blue?simfree=1'),
	(122, 'https://www.currys.co.uk/gbuk/phones-broadband-and-sat-nav/mobile-phones-and-accessories/mobile-phones/apple-iphone-8-plus-64-gb-gold-10168679-pdt.html'),
	(123, 'https://www.currys.co.uk/gbuk/phones-broadband-and-sat-nav/mobile-phones-and-accessories/mobile-phones/apple-iphone-8-plus-256-gb-silver-10168680-pdt.html'),
	(124, 'https://www.currys.co.uk/gbuk/phones-broadband-and-sat-nav/mobile-phones-and-accessories/mobile-phones/apple-iphone-8-plus-256-gb-space-grey-10168681-pdt.html'),
	(125, 'https://www.currys.co.uk/gbuk/phones-broadband-and-sat-nav/mobile-phones-and-accessories/mobile-phones/apple-iphone-8-plus-256-gb-gold-10168682-pdt.html'),
	(126, 'https://www.buymobiles.net/huawei/mate-20-x-blue?simfree=1'),
	(127, 'https://www.buymobiles.net/cat/s61-black?simfree=1'),
	(128, 'https://www.buymobiles.net/huawei/mate-20-lite-black?simfree=1'),
	(129, 'https://www.buymobiles.net/huawei/p-smart-2019-blue?simfree=1'),
	(130, 'https://www.buymobiles.net/apple/iphone-6s-32gb-rose-gold-refurbished?simfree=1'),
	(131, 'https://www.buymobiles.net/apple/iphone-8-64gb-space-grey-refurbished?simfree=1'),
	(132, 'https://www.currys.co.uk/gbuk/phones-broadband-and-sat-nav/mobile-phones-and-accessories/mobile-phones/apple-iphone-x-64-gb-space-grey-10168683-pdt.html'),
	(133, 'https://www.currys.co.uk/gbuk/phones-broadband-and-sat-nav/mobile-phones-and-accessories/mobile-phones/apple-iphone-x-64-gb-silver-10168684-pdt.html'),
	(134, 'https://www.currys.co.uk/gbuk/phones-broadband-and-sat-nav/mobile-phones-and-accessories/mobile-phones/apple-iphone-x-256-gb-space-grey-10168685-pdt.html'),
	(135, 'https://www.buymobiles.net/huawei/p20-black?simfree=1'),
	(136, 'https://www.currys.co.uk/gbuk/phones-broadband-and-sat-nav/mobile-phones-and-accessories/mobile-phones/apple-iphone-x-256-gb-silver-10168686-pdt.html'),
	(137, 'https://www.currys.co.uk/gbuk/phones-broadband-and-sat-nav/mobile-phones-and-accessories/mobile-phones/apple-iphone-8-64-gb-silver-10168741-pdt.html'),
	(138, 'https://www.currys.co.uk/gbuk/phones-broadband-and-sat-nav/mobile-phones-and-accessories/mobile-phones/apple-iphone-8-64-gb-space-grey-10168742-pdt.html'),
	(139, 'https://www.currys.co.uk/gbuk/phones-broadband-and-sat-nav/mobile-phones-and-accessories/mobile-phones/apple-iphone-8-64-gb-gold-10168743-pdt.html'),
	(140, 'https://www.buymobiles.net/samsung/galaxy-a20e-black?simfree=1'),
	(141, 'https://www.currys.co.uk/gbuk/phones-broadband-and-sat-nav/mobile-phones-and-accessories/mobile-phones/apple-iphone-8-256-gb-silver-10168744-pdt.html'),
	(142, 'https://www.currys.co.uk/gbuk/phones-broadband-and-sat-nav/mobile-phones-and-accessories/mobile-phones/google-pixel-3a-64-gb-just-black-10193119-pdt.html'),
	(143, 'https://www.currys.co.uk/gbuk/phones-broadband-and-sat-nav/mobile-phones-and-accessories/mobile-phones/google-pixel-3a-64-gb-clearly-white-10193120-pdt.html'),
	(144, 'https://www.currys.co.uk/gbuk/phones-broadband-and-sat-nav/mobile-phones-and-accessories/mobile-phones/google-pixel-3a-64-gb-purple-ish-10193121-pdt.html'),
	(145, 'https://www.buymobiles.net/apple/iphone-7-32gb-rose-gold-refurbished?simfree=1'),
	(146, 'https://www.currys.co.uk/gbuk/phones-broadband-and-sat-nav/mobile-phones-and-accessories/mobile-phones/google-pixel-3a-xl-64-gb-just-black-10193173-pdt.html'),
	(147, 'https://www.currys.co.uk/gbuk/phones-broadband-and-sat-nav/mobile-phones-and-accessories/mobile-phones/google-pixel-3a-xl-64-gb-clearly-white-10193174-pdt.html'),
	(148, 'https://www.currys.co.uk/gbuk/phones-broadband-and-sat-nav/mobile-phones-and-accessories/mobile-phones/google-pixel-3-xl-128-gb-white-10183990-pdt.html'),
	(149, 'https://www.currys.co.uk/gbuk/phones-broadband-and-sat-nav/mobile-phones-and-accessories/mobile-phones/google-pixel-3-xl-128-gb-black-10183991-pdt.html'),
	(150, 'https://www.currys.co.uk/gbuk/phones-broadband-and-sat-nav/mobile-phones-and-accessories/mobile-phones/google-pixel-3-xl-64-gb-pink-10183992-pdt.html'),
	(151, 'https://www.buymobiles.net/honor/view-20-6gb-ram-sapphire-blue?simfree=1'),
	(152, 'https://www.currys.co.uk/gbuk/phones-broadband-and-sat-nav/mobile-phones-and-accessories/mobile-phones/google-pixel-3-xl-64-gb-white-10183993-pdt.html'),
	(153, 'https://www.currys.co.uk/gbuk/phones-broadband-and-sat-nav/mobile-phones-and-accessories/mobile-phones/google-pixel-3-xl-64-gb-black-10183994-pdt.html'),
	(154, 'https://www.currys.co.uk/gbuk/phones-broadband-and-sat-nav/mobile-phones-and-accessories/mobile-phones/google-pixel-3-128-gb-white-10183995-pdt.html'),
	(155, 'https://www.currys.co.uk/gbuk/phones-broadband-and-sat-nav/mobile-phones-and-accessories/mobile-phones/google-pixel-3-64-gb-black-10183999-pdt.html'),
	(156, 'https://www.buymobiles.net/cat/s41-black?simfree=1'),
	(157, 'https://www.currys.co.uk/gbuk/phones-broadband-and-sat-nav/mobile-phones-and-accessories/mobile-phones/honor-20-128-gb-sapphire-blue-10194508-pdt.html'),
	(158, 'https://www.currys.co.uk/gbuk/phones-broadband-and-sat-nav/mobile-phones-and-accessories/mobile-phones/honor-8a-32-gb-black-10190955-pdt.html'),
	(159, 'https://www.currys.co.uk/gbuk/phones-broadband-and-sat-nav/mobile-phones-and-accessories/mobile-phones/honor-view-20-256-gb-blue-10190561-pdt.html'),
	(160, 'https://www.buymobiles.net/google/pixel-3a-xl-black?simfree=1'),
	(161, 'https://www.currys.co.uk/gbuk/phones-broadband-and-sat-nav/mobile-phones-and-accessories/mobile-phones/honor-20-pro-256-gb-phantom-black-10197877-pdt.html'),
	(162, 'https://www.currys.co.uk/gbuk/phones-broadband-and-sat-nav/mobile-phones-and-accessories/mobile-phones/honor-20-128-gb-midnight-black-10195299-pdt.html'),
	(163, 'https://www.currys.co.uk/gbuk/phones-broadband-and-sat-nav/mobile-phones-and-accessories/mobile-phones/honor-20-lite-128-gb-black-10193704-pdt.html'),
	(164, 'https://www.buymobiles.net/sony/xperia-10-plus-black?simfree=1'),
	(165, 'https://www.currys.co.uk/gbuk/phones-broadband-and-sat-nav/mobile-phones-and-accessories/mobile-phones/honor-20-lite-128-gb-blue-10193719-pdt.html'),
	(166, 'https://www.currys.co.uk/gbuk/phones-broadband-and-sat-nav/mobile-phones-and-accessories/mobile-phones/honor-view-20-128-gb-blue-10190741-pdt.html'),
	(167, 'https://www.currys.co.uk/gbuk/phones-broadband-and-sat-nav/mobile-phones-and-accessories/mobile-phones/honor-view-20-128-gb-black-10190742-pdt.html'),
	(168, 'https://www.buymobiles.net/honor/20-blue?simfree=1'),
	(169, 'https://www.currys.co.uk/gbuk/phones-broadband-and-sat-nav/mobile-phones-and-accessories/mobile-phones/honor-8s-32-gb-black-10195089-pdt.html'),
	(170, 'https://www.currys.co.uk/gbuk/phones-broadband-and-sat-nav/mobile-phones-and-accessories/mobile-phones/honor-10-lite-64-gb-blue-10183986-pdt.html'),
	(171, 'https://www.currys.co.uk/gbuk/phones-broadband-and-sat-nav/mobile-phones-and-accessories/mobile-phones/honor-10-lite-64-gb-black-10178690-pdt.html'),
	(172, 'https://www.buymobiles.net/huawei/y7-2019-coral?simfree=1'),
	(173, 'https://www.currys.co.uk/gbuk/phones-broadband-and-sat-nav/mobile-phones-and-accessories/mobile-phones/huawei-p30-lite-128-gb-white-10186166-pdt.html'),
	(174, 'https://www.currys.co.uk/gbuk/phones-broadband-and-sat-nav/mobile-phones-and-accessories/mobile-phones/huawei-p30-pro-sim-free-128-gb-black-10186168-pdt.html'),
	(175, 'https://www.currys.co.uk/gbuk/phones-broadband-and-sat-nav/mobile-phones-and-accessories/mobile-phones/huawei-p30-pro-sim-free-128-gb-blue-10186169-pdt.html'),
	(176, 'https://www.currys.co.uk/gbuk/phones-broadband-and-sat-nav/mobile-phones-and-accessories/mobile-phones/huawei-p30-pro-sim-free-128-gb-crystal-10186170-pdt.html'),
	(177, 'https://www.currys.co.uk/gbuk/phones-broadband-and-sat-nav/mobile-phones-and-accessories/mobile-phones/huawei-p30-pro-sim-free-512-gb-amber-10186171-pdt.html'),
	(178, 'https://www.currys.co.uk/gbuk/phones-broadband-and-sat-nav/mobile-phones-and-accessories/mobile-phones/huawei-p30-sim-free-128-gb-black-10186172-pdt.html'),
	(179, 'https://www.buymobiles.net/sony/xperia-10-blue?simfree=1'),
	(180, 'https://www.currys.co.uk/gbuk/phones-broadband-and-sat-nav/mobile-phones-and-accessories/mobile-phones/huawei-p30-sim-free-128-gb-blue-10186173-pdt.html'),
	(181, 'https://www.currys.co.uk/gbuk/phones-broadband-and-sat-nav/mobile-phones-and-accessories/mobile-phones/huawei-p30-sim-free-128-gb-crystal-10186174-pdt.html'),
	(182, 'https://www.currys.co.uk/gbuk/phones-broadband-and-sat-nav/mobile-phones-and-accessories/mobile-phones/huawei-p30-lite-128-gb-blue-10186175-pdt.html'),
	(183, 'https://www.currys.co.uk/gbuk/phones-broadband-and-sat-nav/mobile-phones-and-accessories/mobile-phones/huawei-p30-lite-128-gb-black-10186176-pdt.html'),
	(184, 'https://www.currys.co.uk/gbuk/phones-broadband-and-sat-nav/mobile-phones-and-accessories/mobile-phones/huawei-p-smart-2019-64-gb-midnight-black-10191152-pdt.html'),
	(185, 'https://www.currys.co.uk/gbuk/phones-broadband-and-sat-nav/mobile-phones-and-accessories/mobile-phones/huawei-mate-20-x-128-gb-midnight-blue-10191045-pdt.html'),
	(186, 'https://www.buymobiles.net/honor/view-20-8gb-ram-phantom-blue?simfree=1'),
	(187, 'https://www.currys.co.uk/gbuk/phones-broadband-and-sat-nav/mobile-phones-and-accessories/mobile-phones/huawei-p-smart-2019-64-gb-aurora-blue-10191041-pdt.html'),
	(188, 'https://www.currys.co.uk/gbuk/phones-broadband-and-sat-nav/mobile-phones-and-accessories/mobile-phones/huawei-mate-20-pro-128-gb-twilight-10183984-pdt.html'),
	(189, 'https://www.buymobiles.net/huawei/mate-20-black?simfree=1'),
	(190, 'https://www.currys.co.uk/gbuk/phones-broadband-and-sat-nav/mobile-phones-and-accessories/mobile-phones/huawei-mate-20-pro-128-gb-black-10183985-pdt.html'),
	(191, 'https://www.currys.co.uk/gbuk/phones-broadband-and-sat-nav/mobile-phones-and-accessories/mobile-phones/huawei-mate-20-lite-64-gb-blue-10184001-pdt.html'),
	(192, 'https://www.buymobiles.net/nokia/1-plus-blue?simfree=1'),
	(193, 'https://www.currys.co.uk/gbuk/phones-broadband-and-sat-nav/mobile-phones-and-accessories/mobile-phones/huawei-mate-20-lite-64-gb-black-10184002-pdt.html'),
	(194, 'https://www.buymobiles.net/sony/xperia-l3-silver?simfree=1'),
	(195, 'https://www.buymobiles.net/doro/8035-blue?simfree=1'),
	(196, 'https://www.buymobiles.net/honor/10-lite-sky-blue?simfree=1'),
	(197, 'https://www.buymobiles.net/moto/g7-power-black?simfree=1'),
	(198, 'https://www.buymobiles.net/oppo/find-x-blue?simfree=1'),
	(199, 'https://www.buymobiles.net/honor/20-lite-blue?simfree=1'),
	(200, 'https://www.currys.co.uk/gbuk/phones-broadband-and-sat-nav/mobile-phones-and-accessories/mobile-phones/huawei-p20-pro-128-gb-black-10175425-pdt.html'),
	(201, 'https://www.currys.co.uk/gbuk/phones-broadband-and-sat-nav/mobile-phones-and-accessories/mobile-phones/huawei-p20-pro-128-gb-blue-10175426-pdt.html'),
	(202, 'https://www.currys.co.uk/gbuk/phones-broadband-and-sat-nav/mobile-phones-and-accessories/mobile-phones/motorola-e5-play-16-gb-black-10181412-pdt.html'),
	(203, 'https://www.currys.co.uk/gbuk/phones-broadband-and-sat-nav/mobile-phones-and-accessories/mobile-phones/motorola-g7-power-64-gb-black-10190890-pdt.html'),
	(204, 'https://www.currys.co.uk/gbuk/phones-broadband-and-sat-nav/mobile-phones-and-accessories/mobile-phones/motorola-g7-power-64-gb-violet-10190980-pdt.html'),
	(205, 'https://www.currys.co.uk/gbuk/phones-broadband-and-sat-nav/mobile-phones-and-accessories/mobile-phones/motorola-g7-play-32-gb-deep-indigo-10196774-pdt.html'),
	(206, 'https://www.currys.co.uk/gbuk/phones-broadband-and-sat-nav/mobile-phones-and-accessories/mobile-phones/motorola-g7-plus-64-gb-indigo-10190891-pdt.html'),
	(207, 'https://www.currys.co.uk/gbuk/phones-broadband-and-sat-nav/mobile-phones-and-accessories/mobile-phones/motorola-g7-plus-64-gb-viva-red-10190892-pdt.html'),
	(208, 'https://www.currys.co.uk/gbuk/phones-broadband-and-sat-nav/mobile-phones-and-accessories/mobile-phones/nokia-4-2-32-gb-pink-10197228-pdt.html'),
	(209, 'https://www.currys.co.uk/gbuk/phones-broadband-and-sat-nav/mobile-phones-and-accessories/mobile-phones/nokia-2-2-16-gb-black-10197229-pdt.html'),
	(210, 'https://www.currys.co.uk/gbuk/phones-broadband-and-sat-nav/mobile-phones-and-accessories/mobile-phones/nokia-1-plus-8-gb-black-10193448-pdt.html'),
	(211, 'https://www.buymobiles.net/xiaomi/pocophone-f1-128gb-black?simfree=1'),
	(212, 'https://www.currys.co.uk/gbuk/phones-broadband-and-sat-nav/mobile-phones-and-accessories/mobile-phones/nokia-1-plus-8-gb-red-10193449-pdt.html'),
	(213, 'https://www.currys.co.uk/gbuk/phones-broadband-and-sat-nav/mobile-phones-and-accessories/mobile-phones/nokia-1-plus-8-gb-blue-10192752-pdt.html'),
	(214, 'https://www.currys.co.uk/gbuk/phones-broadband-and-sat-nav/mobile-phones-and-accessories/mobile-phones/nokia-4-2-32-gb-black-10198345-pdt.html'),
	(215, 'https://www.currys.co.uk/gbuk/phones-broadband-and-sat-nav/mobile-phones-and-accessories/mobile-phones/oppo-reno-256-gb-ocean-green-10194778-pdt.html'),
	(216, 'https://www.buymobiles.net/alcatel/1-black?simfree=1'),
	(217, 'https://www.currys.co.uk/gbuk/phones-broadband-and-sat-nav/mobile-phones-and-accessories/mobile-phones/oppo-reno-10x-zoom-256-gb-black-10195175-pdt.html'),
	(218, 'https://www.currys.co.uk/gbuk/phones-broadband-and-sat-nav/mobile-phones-and-accessories/mobile-phones/oppo-find-x-256-gb-glacier-blue-10191148-pdt.html'),
	(219, 'https://www.currys.co.uk/gbuk/phones-broadband-and-sat-nav/mobile-phones-and-accessories/mobile-phones/oppo-rx17-pro-128-gb-emerald-green-10191149-pdt.html'),
	(220, 'https://www.currys.co.uk/gbuk/phones-broadband-and-sat-nav/mobile-phones-and-accessories/mobile-phones/oppo-rx17-neo-128-gb-red-10191151-pdt.html'),
	(221, 'https://www.currys.co.uk/gbuk/phones-broadband-and-sat-nav/mobile-phones-and-accessories/mobile-phones/oppo-rx17-pro-128-gb-radiant-mist-10191163-pdt.html'),
	(222, 'https://www.currys.co.uk/gbuk/phones-broadband-and-sat-nav/mobile-phones-and-accessories/mobile-phones/oppo-reno-256-gb-jet-black-10194651-pdt.html'),
	(223, 'https://www.buymobiles.net/blackberry/dtek50-black?simfree=1'),
	(224, 'https://www.currys.co.uk/gbuk/phones-broadband-and-sat-nav/mobile-phones-and-accessories/mobile-phones/oppo-reno-10x-zoom-256-gb-ocean-green-10194639-pdt.html'),
	(225, 'https://www.currys.co.uk/gbuk/phones-broadband-and-sat-nav/mobile-phones-and-accessories/mobile-phones/razer-phone-2-64-gb-black-10196186-pdt.html'),
	(226, 'https://www.currys.co.uk/gbuk/phones-broadband-and-sat-nav/mobile-phones-and-accessories/mobile-phones/samsung-galaxy-note-9-512-gb-ocean-blue-10181415-pdt.html'),
	(227, 'https://www.currys.co.uk/gbuk/phones-broadband-and-sat-nav/mobile-phones-and-accessories/mobile-phones/samsung-galaxy-note-9-128-gb-lavender-purple-10181417-pdt.html'),
	(228, 'https://www.currys.co.uk/gbuk/phones-broadband-and-sat-nav/mobile-phones-and-accessories/mobile-phones/samsung-galaxy-note-9-128-gb-ocean-blue-10181418-pdt.html'),
	(229, 'https://www.currys.co.uk/gbuk/phones-broadband-and-sat-nav/mobile-phones-and-accessories/mobile-phones/samsung-galaxy-note-9-128-gb-midnight-black-10181419-pdt.html'),
	(230, 'https://www.currys.co.uk/gbuk/phones-broadband-and-sat-nav/mobile-phones-and-accessories/mobile-phones/samsung-galaxy-a70-128-gb-blue-10193440-pdt.html'),
	(231, 'https://www.currys.co.uk/gbuk/phones-broadband-and-sat-nav/mobile-phones-and-accessories/mobile-phones/samsung-galaxy-note-10-256-gb-aura-glow-10197432-pdt.html'),
	(232, 'https://www.currys.co.uk/gbuk/phones-broadband-and-sat-nav/mobile-phones-and-accessories/mobile-phones/samsung-galaxy-note-10-256-gb-aura-glow-10197441-pdt.html'),
	(233, 'https://www.currys.co.uk/gbuk/phones-broadband-and-sat-nav/mobile-phones-and-accessories/mobile-phones/samsung-galaxy-note-10-256-gb-aura-black-10197459-pdt.html'),
	(234, 'https://www.currys.co.uk/gbuk/phones-broadband-and-sat-nav/mobile-phones-and-accessories/mobile-phones/samsung-galaxy-note-10-5g-512-gb-aura-glow-10197463-pdt.html'),
	(235, 'https://www.buymobiles.net/honor/10-blue?simfree=1'),
	(236, 'https://www.currys.co.uk/gbuk/phones-broadband-and-sat-nav/mobile-phones-and-accessories/mobile-phones/samsung-galaxy-s10e-128-gb-prism-black-10190347-pdt.html'),
	(237, 'https://www.currys.co.uk/gbuk/phones-broadband-and-sat-nav/mobile-phones-and-accessories/mobile-phones/samsung-galaxy-s10e-128-gb-prism-white-10190348-pdt.html'),
	(238, 'https://www.currys.co.uk/gbuk/phones-broadband-and-sat-nav/mobile-phones-and-accessories/mobile-phones/samsung-galaxy-s10e-128-gb-prism-green-10190349-pdt.html'),
	(239, 'https://www.buymobiles.net/honor/20-pro-black?simfree=1'),
	(240, 'https://www.currys.co.uk/gbuk/phones-broadband-and-sat-nav/mobile-phones-and-accessories/mobile-phones/samsung-galaxy-s10e-128-gb-canary-yellow-10190350-pdt.html'),
	(241, 'https://www.currys.co.uk/gbuk/phones-broadband-and-sat-nav/mobile-phones-and-accessories/mobile-phones/samsung-galaxy-s10-sim-free-128-gb-prism-black-10190351-pdt.html'),
	(242, 'https://www.buymobiles.net/honor/8s-black?simfree=1'),
	(243, 'https://www.currys.co.uk/gbuk/phones-broadband-and-sat-nav/mobile-phones-and-accessories/mobile-phones/samsung-galaxy-s10-sim-free-128-gb-prism-white-10190352-pdt.html'),
	(244, 'https://www.currys.co.uk/gbuk/phones-broadband-and-sat-nav/mobile-phones-and-accessories/mobile-phones/samsung-galaxy-s10-sim-free-128-gb-prism-green-10190353-pdt.html'),
	(245, 'https://www.currys.co.uk/gbuk/phones-broadband-and-sat-nav/mobile-phones-and-accessories/mobile-phones/samsung-galaxy-s10-sim-free-512-gb-prism-black-10190354-pdt.html'),
	(246, 'https://www.buymobiles.net/huawei/mate-20-x-5g-emerald-green?simfree=1'),
	(247, 'https://www.currys.co.uk/gbuk/phones-broadband-and-sat-nav/mobile-phones-and-accessories/mobile-phones/samsung-galaxy-s10-sim-free-512-gb-prism-white-10190355-pdt.html'),
	(248, 'https://www.currys.co.uk/gbuk/phones-broadband-and-sat-nav/mobile-phones-and-accessories/mobile-phones/samsung-galaxy-s10-sim-free-512-gb-prism-green-10190356-pdt.html'),
	(249, 'https://www.currys.co.uk/gbuk/phones-broadband-and-sat-nav/mobile-phones-and-accessories/mobile-phones/samsung-galaxy-s10-sim-free-128-gb-prism-black-10190357-pdt.html'),
	(250, 'https://www.currys.co.uk/gbuk/phones-broadband-and-sat-nav/mobile-phones-and-accessories/mobile-phones/samsung-galaxy-s10-sim-free-128-gb-prism-white-10190358-pdt.html'),
	(251, 'https://www.currys.co.uk/gbuk/phones-broadband-and-sat-nav/mobile-phones-and-accessories/mobile-phones/samsung-galaxy-s10-sim-free-128-gb-prism-green-10190359-pdt.html'),
	(252, 'https://www.currys.co.uk/gbuk/phones-broadband-and-sat-nav/mobile-phones-and-accessories/mobile-phones/samsung-galaxy-s10-sim-free-512-gb-ceramic-black-10190360-pdt.html'),
	(253, 'https://www.currys.co.uk/gbuk/phones-broadband-and-sat-nav/mobile-phones-and-accessories/mobile-phones/samsung-galaxy-s10-sim-free-512-gb-ceramic-white-10190361-pdt.html'),
	(254, 'https://www.buymobiles.net/apple/iphone-7-128gb-rose-gold-cpo-refurbished?simfree=1'),
	(255, 'https://www.currys.co.uk/gbuk/phones-broadband-and-sat-nav/mobile-phones-and-accessories/mobile-phones/samsung-galaxy-a20e-32-gb-coral-10194919-pdt.html'),
	(256, 'https://www.currys.co.uk/gbuk/phones-broadband-and-sat-nav/mobile-phones-and-accessories/mobile-phones/samsung-galaxy-a10-32-gb-black-10194912-pdt.html'),
	(257, 'https://www.currys.co.uk/gbuk/phones-broadband-and-sat-nav/mobile-phones-and-accessories/mobile-phones/samsung-galaxy-a10-32-gb-blue-10194913-pdt.html'),
	(258, 'https://www.buymobiles.net/moto/one-vision-sapphire?simfree=1'),
	(259, 'https://www.buymobiles.net/nokia/51-plus-black?simfree=1'),
	(260, 'https://www.currys.co.uk/gbuk/phones-broadband-and-sat-nav/mobile-phones-and-accessories/mobile-phones/samsung-galaxy-a70-128-gb-coral-10193216-pdt.html'),
	(261, 'https://www.currys.co.uk/gbuk/phones-broadband-and-sat-nav/mobile-phones-and-accessories/mobile-phones/samsung-galaxy-a70-128-gb-black-10193217-pdt.html'),
	(262, 'https://www.buymobiles.net/oppo/rx17-neo-blue?simfree=1'),
	(263, 'https://www.currys.co.uk/gbuk/phones-broadband-and-sat-nav/mobile-phones-and-accessories/mobile-phones/samsung-galaxy-a50-128-gb-coral-10193222-pdt.html'),
	(264, 'https://www.currys.co.uk/gbuk/phones-broadband-and-sat-nav/mobile-phones-and-accessories/mobile-phones/samsung-galaxy-a50-128-gb-black-10193223-pdt.html'),
	(265, 'https://www.currys.co.uk/gbuk/phones-broadband-and-sat-nav/mobile-phones-and-accessories/mobile-phones/samsung-galaxy-a50-128-gb-blue-10193224-pdt.html'),
	(266, 'https://www.currys.co.uk/gbuk/phones-broadband-and-sat-nav/mobile-phones-and-accessories/mobile-phones/samsung-galaxy-a50-128-gb-white-10193225-pdt.html'),
	(267, 'https://www.currys.co.uk/gbuk/phones-broadband-and-sat-nav/mobile-phones-and-accessories/mobile-phones/samsung-galaxy-a40-64-gb-coral-10193232-pdt.html'),
	(268, 'https://www.buymobiles.net/oppo/rx17-pro-blue?simfree=1'),
	(269, 'https://www.currys.co.uk/gbuk/phones-broadband-and-sat-nav/mobile-phones-and-accessories/mobile-phones/samsung-galaxy-a40-64-gb-blue-10193233-pdt.html'),
	(270, 'https://www.currys.co.uk/gbuk/phones-broadband-and-sat-nav/mobile-phones-and-accessories/mobile-phones/samsung-galaxy-a40-64-gb-black-10193234-pdt.html'),
	(271, 'https://www.currys.co.uk/gbuk/phones-broadband-and-sat-nav/mobile-phones-and-accessories/mobile-phones/samsung-galaxy-note-10-5g-512-gb-aura-black-10197870-pdt.html'),
	(272, 'https://www.buymobiles.net/xiaomi/mi-8-64gb-blue?simfree=1'),
	(273, 'https://www.currys.co.uk/gbuk/phones-broadband-and-sat-nav/mobile-phones-and-accessories/mobile-phones/samsung-galaxy-note-10-5g-256-gb-aura-black-10197884-pdt.html'),
	(274, 'https://www.buymobiles.net/xiaomi/mi-8-pro-128gb-titanium?simfree=1'),
	(275, 'https://www.currys.co.uk/gbuk/phones-broadband-and-sat-nav/mobile-phones-and-accessories/mobile-phones/samsung-galaxy-note-10-256-gb-aura-black-10197889-pdt.html'),
	(276, 'https://www.currys.co.uk/gbuk/phones-broadband-and-sat-nav/mobile-phones-and-accessories/mobile-phones/samsung-galaxy-a80-128-gb-silver-10198635-pdt.html'),
	(277, 'https://www.currys.co.uk/gbuk/phones-broadband-and-sat-nav/mobile-phones-and-accessories/mobile-phones/samsung-galaxy-a20e-32-gb-blue-10198639-pdt.html'),
	(278, 'https://www.currys.co.uk/gbuk/phones-broadband-and-sat-nav/mobile-phones-and-accessories/mobile-phones/samsung-galaxy-a80-128-gb-gold-10198647-pdt.html'),
	(279, 'https://www.currys.co.uk/gbuk/phones-broadband-and-sat-nav/mobile-phones-and-accessories/mobile-phones/samsung-galaxy-s10e-128-gb-prism-silver-10194929-pdt.html'),
	(280, 'https://www.currys.co.uk/gbuk/phones-broadband-and-sat-nav/mobile-phones-and-accessories/mobile-phones/samsung-galaxy-s10-sim-free-128-gb-prism-silver-10194962-pdt.html'),
	(281, 'https://www.currys.co.uk/gbuk/phones-broadband-and-sat-nav/mobile-phones-and-accessories/mobile-phones/samsung-galaxy-note-10-5g-256-gb-aura-glow-10197801-pdt.html'),
	(282, 'https://www.currys.co.uk/gbuk/phones-broadband-and-sat-nav/mobile-phones-and-accessories/mobile-phones/samsung-galaxy-a70-128-gb-white-10193291-pdt.html'),
	(283, 'https://www.currys.co.uk/gbuk/phones-broadband-and-sat-nav/mobile-phones-and-accessories/mobile-phones/samsung-galaxy-a20e-32-gb-black-10195765-pdt.html'),
	(284, 'https://www.currys.co.uk/gbuk/phones-broadband-and-sat-nav/mobile-phones-and-accessories/mobile-phones/samsung-galaxy-a40-64-gb-white-10193297-pdt.html'),
	(285, 'https://www.currys.co.uk/gbuk/phones-broadband-and-sat-nav/mobile-phones-and-accessories/mobile-phones/samsung-galaxy-s10-sim-free-128-gb-prism-silver-10195103-pdt.html'),
	(286, 'https://www.currys.co.uk/gbuk/phones-broadband-and-sat-nav/mobile-phones-and-accessories/mobile-phones/samsung-galaxy-s9-256-gb-titanium-10178701-pdt.html'),
	(287, 'https://www.currys.co.uk/gbuk/phones-broadband-and-sat-nav/mobile-phones-and-accessories/mobile-phones/samsung-galaxy-note8-64-gb-black-10168901-pdt.html'),
	(288, 'https://www.currys.co.uk/gbuk/phones-broadband-and-sat-nav/mobile-phones-and-accessories/mobile-phones/samsung-galaxy-s9-64-gb-lilac-purple-10175407-pdt.html'),
	(289, 'https://www.currys.co.uk/gbuk/phones-broadband-and-sat-nav/mobile-phones-and-accessories/mobile-phones/samsung-galaxy-s9-128-gb-lilac-purple-10175410-pdt.html'),
	(290, 'https://www.currys.co.uk/gbuk/phones-broadband-and-sat-nav/mobile-phones-and-accessories/mobile-phones/samsung-galaxy-s9-128-gb-black-10175411-pdt.html'),
	(291, 'https://www.currys.co.uk/gbuk/phones-broadband-and-sat-nav/mobile-phones-and-accessories/mobile-phones/samsung-galaxy-s9-128-gb-coral-blue-10175412-pdt.html'),
	(292, 'https://www.currys.co.uk/gbuk/phones-broadband-and-sat-nav/mobile-phones-and-accessories/mobile-phones/samsung-galaxy-s8-64-gb-orchid-grey-10161801-pdt.html'),
	(293, 'https://www.currys.co.uk/gbuk/phones-broadband-and-sat-nav/mobile-phones-and-accessories/mobile-phones/sony-xperia-1-128-gb-black-10194801-pdt.html'),
	(294, 'https://www.currys.co.uk/gbuk/phones-broadband-and-sat-nav/mobile-phones-and-accessories/mobile-phones/sony-xperia-1-128-gb-purple-10194803-pdt.html'),
	(295, 'https://www.currys.co.uk/gbuk/phones-broadband-and-sat-nav/mobile-phones-and-accessories/mobile-phones/sony-xperia-10-64-gb-navy-10191648-pdt.html'),
	(296, 'https://www.currys.co.uk/gbuk/phones-broadband-and-sat-nav/mobile-phones-and-accessories/mobile-phones/sony-xperia-10-64-gb-black-10192787-pdt.html'),
	(297, 'https://www.currys.co.uk/gbuk/phones-broadband-and-sat-nav/mobile-phones-and-accessories/mobile-phones/sony-xperia-l3-32-gb-silver-10193851-pdt.html'),
	(298, 'https://www.currys.co.uk/gbuk/phones-broadband-and-sat-nav/mobile-phones-and-accessories/mobile-phones/sony-xperia-l3-32-gb-black-10193852-pdt.html'),
	(299, 'https://www.currys.co.uk/gbuk/phones-broadband-and-sat-nav/mobile-phones-and-accessories/mobile-phones/xiaomi-mi-8-64-gb-black-10168711-pdt.html');
/*!40000 ALTER TABLE `urls` ENABLE KEYS */;

/*!40101 SET SQL_MODE=IFNULL(@OLD_SQL_MODE, '') */;
/*!40014 SET FOREIGN_KEY_CHECKS=IF(@OLD_FOREIGN_KEY_CHECKS IS NULL, 1, @OLD_FOREIGN_KEY_CHECKS) */;
/*!40101 SET CHARACTER_SET_CLIENT=@OLD_CHARACTER_SET_CLIENT */;
